sku,realized_demand,baseline_lost_sales,forecast_lost_sales,baseline_fill_rate,forecast_fill_rate,baseline_avg_on_hand,forecast_avg_on_hand,baseline_reorders,forecast_reorders
FOODS_1_001,23.0,0.0,0.0,1.0,1.0,9.071428571428571,7.928571428571429,6,5
FOODS_1_002,20.0,0.0,0.0,1.0,1.0,3.8214285714285716,3.392857142857143,10,13
FOODS_1_003,20.0,0.0,0.0,1.0,1.0,6.642857142857143,6.392857142857143,8,8
FOODS_1_004,95.0,42.0,30.0,0.5578947368421052,0.6842105263157895,3.3214285714285716,19.964285714285715,19,10
FOODS_1_005,42.0,3.0,4.0,0.9285714285714286,0.9047619047619048,6.785714285714286,7.25,10,10
FOODS_1_006,59.0,5.0,5.0,0.9152542372881356,0.9152542372881356,8.428571428571429,8.642857142857142,13,13
FOODS_1_008,6.0,2.0,2.0,0.6666666666666666,0.6666666666666666,2.3214285714285716,3.142857142857143,4,4
FOODS_1_009,37.0,19.0,14.0,0.4864864864864865,0.6216216216216216,2.7142857142857144,3.857142857142857,12,11
FOODS_1_010,6.0,1.0,0.0,0.8333333333333334,1.0,3.3214285714285716,3.7142857142857144,2,3
FOODS_1_011,17.0,0.0,0.0,1.0,1.0,9.571428571428571,10.214285714285714,5,4
FOODS_1_012,78.0,3.0,4.0,0.9615384615384616,0.9487179487179487,14.964285714285714,17.071428571428573,14,13
FOODS_1_013,25.0,0.0,0.0,1.0,1.0,22.464285714285715,22.607142857142858,5,6
FOODS_1_014,46.0,4.0,4.0,0.9130434782608695,0.9130434782608695,7.642857142857143,7.321428571428571,12,13
FOODS_1_015,39.0,9.0,11.0,0.7692307692307693,0.717948717948718,4.785714285714286,4.75,11,8
FOODS_1_016,19.0,3.0,3.0,0.8421052631578947,0.8421052631578947,3.8214285714285716,6.321428571428571,8,5
FOODS_1_017,38.0,1.0,2.0,0.9736842105263158,0.9473684210526315,5.428571428571429,4.857142857142857,12,12
FOODS_1_018,243.0,5.0,10.0,0.9794238683127572,0.9588477366255144,40.214285714285715,47.607142857142854,14,9
FOODS_1_019,205.0,0.0,0.0,1.0,1.0,55.642857142857146,53.607142857142854,11,10
FOODS_1_020,46.0,2.0,2.0,0.9565217391304348,0.9565217391304348,6.535714285714286,6.464285714285714,13,12
FOODS_1_021,13.0,0.0,0.0,1.0,1.0,14.107142857142858,25.714285714285715,3,4
FOODS_1_022,3.0,0.0,0.0,1.0,1.0,1.9642857142857142,1.9642857142857142,3,3
FOODS_1_023,62.0,12.0,11.0,0.8064516129032258,0.8225806451612904,3.2857142857142856,7.714285714285714,15,11
FOODS_1_024,22.0,4.0,3.0,0.8181818181818182,0.8636363636363636,0.9642857142857143,2.9642857142857144,12,9
FOODS_1_025,13.0,0.0,0.0,1.0,1.0,6.714285714285714,6.607142857142857,6,5
FOODS_1_026,30.0,1.0,1.0,0.9666666666666667,0.9666666666666667,6.285714285714286,5.571428571428571,10,13
FOODS_1_027,47.0,0.0,0.0,1.0,1.0,15.25,14.714285714285714,9,8
FOODS_1_028,49.0,15.0,15.0,0.6938775510204082,0.6938775510204082,11.428571428571429,15.178571428571429,11,6
FOODS_1_029,11.0,0.0,0.0,1.0,1.0,3.3214285714285716,3.1785714285714284,6,5
FOODS_1_030,27.0,2.0,1.0,0.9259259259259259,0.9629629629629629,5.071428571428571,4.678571428571429,10,11
FOODS_1_031,40.0,7.0,6.0,0.825,0.85,7.25,7.892857142857143,12,9
FOODS_1_032,112.0,16.0,11.0,0.8571428571428571,0.9017857142857143,8.464285714285714,11.571428571428571,15,13
FOODS_1_033,3.0,0.0,0.0,1.0,1.0,9.285714285714286,8.5,1,1
FOODS_1_034,9.0,0.0,0.0,1.0,1.0,4.357142857142857,4.392857142857143,5,4
FOODS_1_035,41.0,0.0,0.0,1.0,1.0,13.678571428571429,14.142857142857142,7,8
FOODS_1_036,62.0,0.0,0.0,1.0,1.0,11.964285714285714,13.071428571428571,13,12
FOODS_1_037,38.0,0.0,0.0,1.0,1.0,12.821428571428571,12.0,8,9
FOODS_1_038,19.0,1.0,1.0,0.9473684210526315,0.9473684210526315,3.7857142857142856,3.607142857142857,11,10
FOODS_1_039,12.0,0.0,0.0,1.0,1.0,5.107142857142857,5.857142857142857,6,7
FOODS_1_040,45.0,0.0,0.0,1.0,1.0,19.178571428571427,19.535714285714285,7,7
FOODS_1_041,37.0,0.0,0.0,1.0,1.0,6.214285714285714,6.25,13,13
FOODS_1_042,86.0,3.0,0.0,0.9651162790697675,1.0,22.607142857142858,22.571428571428573,11,12
FOODS_1_043,220.0,96.0,61.0,0.5636363636363636,0.7227272727272728,7.142857142857143,24.392857142857142,21,12
FOODS_1_044,59.0,10.0,7.0,0.8305084745762712,0.8813559322033898,7.178571428571429,9.035714285714286,16,11
FOODS_1_045,64.0,3.0,0.0,0.953125,1.0,9.642857142857142,13.535714285714286,13,12
FOODS_1_046,199.0,0.0,3.0,1.0,0.9849246231155779,36.535714285714285,34.32142857142857,15,12
FOODS_1_047,45.0,5.0,5.0,0.8888888888888888,0.8888888888888888,6.214285714285714,6.321428571428571,13,12
FOODS_1_048,20.0,0.0,1.0,1.0,0.95,6.321428571428571,4.857142857142857,7,9
FOODS_1_049,34.0,4.0,3.0,0.8823529411764706,0.9117647058823529,6.392857142857143,7.25,8,8
FOODS_1_050,28.0,0.0,0.0,1.0,1.0,7.75,7.535714285714286,6,7
FOODS_1_051,31.0,0.0,0.0,1.0,1.0,6.0,6.821428571428571,10,10
FOODS_1_052,45.0,0.0,0.0,1.0,1.0,13.357142857142858,12.0,9,9
FOODS_1_053,4.0,0.0,0.0,1.0,1.0,3.142857142857143,3.9285714285714284,3,4
FOODS_1_054,83.0,5.0,7.0,0.9397590361445783,0.9156626506024096,10.357142857142858,10.714285714285714,13,11
FOODS_1_055,108.0,21.0,18.0,0.8055555555555556,0.8333333333333334,18.321428571428573,27.214285714285715,11,9
FOODS_1_056,35.0,14.0,11.0,0.6,0.6857142857142857,1.3214285714285714,2.392857142857143,15,13
FOODS_1_057,50.0,25.0,22.0,0.5,0.56,2.0,2.4642857142857144,11,13
FOODS_1_058,74.0,32.0,19.0,0.5675675675675675,0.7432432432432432,1.0714285714285714,6.892857142857143,16,11
FOODS_1_059,7.0,0.0,0.0,1.0,1.0,12.464285714285714,12.464285714285714,0,1
FOODS_1_060,28.0,1.0,2.0,0.9642857142857143,0.9285714285714286,6.321428571428571,6.142857142857143,10,11
FOODS_1_061,53.0,0.0,0.0,1.0,1.0,11.785714285714286,11.071428571428571,12,13
FOODS_1_062,51.0,6.0,9.0,0.8823529411764706,0.8235294117647058,5.392857142857143,4.857142857142857,11,9
FOODS_1_063,38.0,5.0,5.0,0.868421052631579,0.868421052631579,6.357142857142857,6.392857142857143,8,8
FOODS_1_064,9.0,0.0,0.0,1.0,1.0,12.571428571428571,13.464285714285714,2,3
FOODS_1_065,26.0,0.0,1.0,1.0,0.9615384615384616,4.607142857142857,4.785714285714286,10,8
FOODS_1_066,53.0,11.0,10.0,0.7924528301886793,0.8113207547169812,8.607142857142858,9.071428571428571,11,12
FOODS_1_067,95.0,12.0,10.0,0.8736842105263158,0.8947368421052632,15.571428571428571,19.0,13,11
FOODS_1_068,5.0,0.0,0.0,1.0,1.0,1.9285714285714286,3.892857142857143,4,3
FOODS_1_069,42.0,9.0,7.0,0.7857142857142857,0.8333333333333334,14.25,14.214285714285714,5,5
FOODS_1_070,37.0,6.0,5.0,0.8378378378378378,0.8648648648648649,7.178571428571429,7.5,9,7
FOODS_1_071,55.0,9.0,6.0,0.8363636363636363,0.8909090909090909,5.75,5.928571428571429,15,14
FOODS_1_072,9.0,0.0,0.0,1.0,1.0,2.892857142857143,4.821428571428571,5,7
FOODS_1_073,33.0,2.0,2.0,0.9393939393939394,0.9393939393939394,6.607142857142857,7.071428571428571,9,9
FOODS_1_074,47.0,0.0,0.0,1.0,1.0,9.214285714285714,10.428571428571429,11,12
FOODS_1_075,17.0,0.0,0.0,1.0,1.0,7.5,7.357142857142857,6,6
FOODS_1_076,23.0,0.0,0.0,1.0,1.0,13.285714285714286,12.214285714285714,5,6
FOODS_1_077,10.0,0.0,0.0,1.0,1.0,2.642857142857143,2.7142857142857144,6,7
FOODS_1_078,19.0,0.0,0.0,1.0,1.0,6.285714285714286,6.428571428571429,7,8
FOODS_1_079,0.0,0.0,0.0,,,0.0,0.75,0,1
FOODS_1_080,35.0,1.0,1.0,0.9714285714285714,0.9714285714285714,5.964285714285714,5.821428571428571,12,12
FOODS_1_081,31.0,0.0,0.0,1.0,1.0,9.75,10.607142857142858,7,6
FOODS_1_082,221.0,3.0,19.0,0.9864253393665159,0.9140271493212669,24.964285714285715,28.428571428571427,18,14
FOODS_1_083,55.0,6.0,3.0,0.8909090909090909,0.9454545454545454,6.428571428571429,8.035714285714286,11,11
FOODS_1_084,2.0,2.0,2.0,0.0,0.0,1.7142857142857142,1.8928571428571428,1,2
FOODS_1_085,184.0,0.0,0.0,1.0,1.0,46.142857142857146,48.32142857142857,10,11
FOODS_1_086,121.0,0.0,0.0,1.0,1.0,31.857142857142858,36.17857142857143,10,12
FOODS_1_087,75.0,0.0,0.0,1.0,1.0,19.178571428571427,19.0,10,10
FOODS_1_088,112.0,57.0,57.0,0.49107142857142855,0.49107142857142855,8.464285714285714,8.714285714285714,10,8
FOODS_1_089,20.0,0.0,0.0,1.0,1.0,4.714285714285714,4.357142857142857,9,7
FOODS_1_090,9.0,0.0,0.0,1.0,1.0,9.0,9.321428571428571,3,3
FOODS_1_091,55.0,37.0,32.0,0.32727272727272727,0.41818181818181815,6.714285714285714,10.321428571428571,11,8
FOODS_1_092,14.0,0.0,0.0,1.0,1.0,9.107142857142858,8.928571428571429,3,4
FOODS_1_093,1.0,0.0,0.0,1.0,1.0,5.428571428571429,5.428571428571429,0,0
FOODS_1_094,48.0,11.0,10.0,0.7708333333333334,0.7916666666666666,3.8214285714285716,4.035714285714286,15,16
FOODS_1_095,0.0,0.0,0.0,,,2.0,2.0,0,0
FOODS_1_096,22.0,0.0,2.0,1.0,0.9090909090909091,4.357142857142857,3.107142857142857,12,10
FOODS_1_097,48.0,2.0,0.0,0.9583333333333334,1.0,10.428571428571429,11.357142857142858,11,12
FOODS_1_098,2.0,0.0,0.0,1.0,1.0,3.25,3.25,1,1
FOODS_1_099,208.0,1.0,0.0,0.9951923076923077,1.0,38.785714285714285,46.92857142857143,13,10
FOODS_1_101,22.0,10.0,6.0,0.5454545454545454,0.7272727272727273,2.25,3.0714285714285716,9,8
FOODS_1_102,23.0,2.0,2.0,0.9130434782608695,0.9130434782608695,5.5,6.357142857142857,6,6
FOODS_1_103,40.0,0.0,0.0,1.0,1.0,7.607142857142857,7.535714285714286,10,11
FOODS_1_104,42.0,3.0,2.0,0.9285714285714286,0.9523809523809523,12.392857142857142,12.535714285714286,9,10
FOODS_1_105,37.0,0.0,0.0,1.0,1.0,10.107142857142858,10.321428571428571,10,10
FOODS_1_106,21.0,0.0,0.0,1.0,1.0,11.178571428571429,11.035714285714286,7,6
FOODS_1_107,9.0,5.0,4.0,0.4444444444444444,0.5555555555555556,1.75,2.0357142857142856,6,5
FOODS_1_108,54.0,0.0,0.0,1.0,1.0,10.714285714285714,9.75,13,14
FOODS_1_109,23.0,0.0,0.0,1.0,1.0,5.035714285714286,5.285714285714286,8,7
FOODS_1_110,179.0,72.0,61.0,0.5977653631284916,0.659217877094972,7.357142857142857,18.285714285714285,22,16
FOODS_1_111,19.0,0.0,0.0,1.0,1.0,3.142857142857143,3.142857142857143,8,10
FOODS_1_112,43.0,0.0,0.0,1.0,1.0,14.035714285714286,17.178571428571427,10,9
FOODS_1_113,91.0,42.0,30.0,0.5384615384615384,0.6703296703296703,10.25,19.428571428571427,12,7
FOODS_1_114,0.0,0.0,0.0,,,7.0,7.0,0,0
FOODS_1_115,14.0,1.0,0.0,0.9285714285714286,1.0,4.857142857142857,5.785714285714286,5,6
FOODS_1_116,19.0,0.0,0.0,1.0,1.0,12.107142857142858,10.75,6,6
FOODS_1_117,35.0,0.0,0.0,1.0,1.0,10.892857142857142,10.321428571428571,8,8
FOODS_1_118,47.0,0.0,0.0,1.0,1.0,8.071428571428571,8.964285714285714,13,13
FOODS_1_119,13.0,10.0,9.0,0.23076923076923078,0.3076923076923077,3.0357142857142856,4.535714285714286,5,4
FOODS_1_120,40.0,19.0,11.0,0.525,0.725,2.2142857142857144,4.642857142857143,14,10
FOODS_1_121,43.0,4.0,5.0,0.9069767441860465,0.8837209302325582,7.678571428571429,7.25,7,8
FOODS_1_122,17.0,3.0,0.0,0.8235294117647058,1.0,7.857142857142857,13.535714285714286,4,6
FOODS_1_123,26.0,2.0,1.0,0.9230769230769231,0.9615384615384616,2.107142857142857,3.107142857142857,12,11
FOODS_1_124,29.0,0.0,0.0,1.0,1.0,13.464285714285714,13.821428571428571,9,9
FOODS_1_125,30.0,0.0,0.0,1.0,1.0,9.964285714285714,8.785714285714286,9,8
FOODS_1_126,30.0,15.0,12.0,0.5,0.6,2.3214285714285716,3.2142857142857144,9,7
FOODS_1_127,29.0,1.0,0.0,0.9655172413793104,1.0,4.285714285714286,5.821428571428571,11,11
FOODS_1_128,22.0,0.0,0.0,1.0,1.0,5.571428571428571,5.714285714285714,9,9
FOODS_1_129,21.0,0.0,0.0,1.0,1.0,7.857142857142857,6.642857142857143,8,7
FOODS_1_130,70.0,1.0,0.0,0.9857142857142858,1.0,11.071428571428571,11.5,12,12
FOODS_1_131,8.0,0.0,0.0,1.0,1.0,6.428571428571429,7.0,4,4
FOODS_1_132,16.0,0.0,0.0,1.0,1.0,9.107142857142858,8.285714285714286,4,5
FOODS_1_133,27.0,0.0,0.0,1.0,1.0,5.678571428571429,4.75,10,9
FOODS_1_134,30.0,6.0,0.0,0.8,1.0,2.642857142857143,3.5,11,9
FOODS_1_135,39.0,14.0,14.0,0.6410256410256411,0.6410256410256411,4.25,4.035714285714286,12,13
FOODS_1_136,10.0,0.0,0.0,1.0,1.0,7.178571428571429,7.214285714285714,5,4
FOODS_1_137,53.0,10.0,7.0,0.8113207547169812,0.8679245283018868,9.892857142857142,17.035714285714285,9,6
FOODS_1_138,43.0,9.0,11.0,0.7906976744186046,0.7441860465116279,5.25,5.5,12,9
FOODS_1_139,101.0,1.0,0.0,0.9900990099009901,1.0,25.678571428571427,23.607142857142858,13,11
FOODS_1_140,47.0,2.0,3.0,0.9574468085106383,0.9361702127659575,5.285714285714286,4.892857142857143,14,14
FOODS_1_141,18.0,0.0,0.0,1.0,1.0,6.214285714285714,6.214285714285714,8,7
FOODS_1_142,39.0,0.0,1.0,1.0,0.9743589743589743,8.25,7.964285714285714,11,11
FOODS_1_143,42.0,0.0,0.0,1.0,1.0,11.928571428571429,11.142857142857142,7,9
FOODS_1_144,27.0,6.0,7.0,0.7777777777777778,0.7407407407407407,6.535714285714286,6.428571428571429,6,8
FOODS_1_145,67.0,7.0,7.0,0.8955223880597015,0.8955223880597015,7.857142857142857,8.607142857142858,12,12
FOODS_1_146,36.0,0.0,0.0,1.0,1.0,6.392857142857143,6.714285714285714,12,13
FOODS_1_147,14.0,0.0,0.0,1.0,1.0,7.535714285714286,6.964285714285714,3,4
FOODS_1_148,3.0,0.0,0.0,1.0,1.0,2.857142857142857,3.4642857142857144,2,2
FOODS_1_149,38.0,0.0,0.0,1.0,1.0,13.928571428571429,13.321428571428571,7,7
FOODS_1_150,20.0,3.0,2.0,0.85,0.9,7.142857142857143,7.5,5,7
FOODS_1_151,13.0,3.0,3.0,0.7692307692307693,0.7692307692307693,2.0714285714285716,2.642857142857143,5,5
FOODS_1_152,30.0,0.0,0.0,1.0,1.0,5.035714285714286,5.357142857142857,11,9
FOODS_1_153,67.0,0.0,0.0,1.0,1.0,19.857142857142858,19.607142857142858,10,10
FOODS_1_154,66.0,0.0,0.0,1.0,1.0,20.178571428571427,22.035714285714285,9,9
FOODS_1_155,16.0,0.0,0.0,1.0,1.0,11.928571428571429,16.928571428571427,3,4
FOODS_1_156,44.0,0.0,1.0,1.0,0.9772727272727273,7.821428571428571,7.0,12,10
FOODS_1_157,6.0,0.0,0.0,1.0,1.0,4.535714285714286,4.071428571428571,4,3
FOODS_1_158,17.0,0.0,0.0,1.0,1.0,4.821428571428571,4.928571428571429,8,7
FOODS_1_159,7.0,0.0,0.0,1.0,1.0,4.321428571428571,4.071428571428571,2,2
FOODS_1_160,14.0,0.0,0.0,1.0,1.0,6.25,5.928571428571429,6,6
FOODS_1_161,53.0,0.0,0.0,1.0,1.0,37.464285714285715,37.67857142857143,4,4
FOODS_1_162,82.0,0.0,0.0,1.0,1.0,16.892857142857142,17.892857142857142,12,12
FOODS_1_163,10.0,0.0,0.0,1.0,1.0,7.892857142857143,8.964285714285714,3,3
FOODS_1_164,3.0,1.0,0.0,0.6666666666666666,1.0,2.357142857142857,2.857142857142857,1,2
FOODS_1_166,56.0,0.0,0.0,1.0,1.0,12.5,12.964285714285714,11,12
FOODS_1_167,10.0,0.0,0.0,1.0,1.0,5.535714285714286,6.035714285714286,5,3
FOODS_1_168,12.0,0.0,0.0,1.0,1.0,5.25,6.428571428571429,5,4
FOODS_1_169,14.0,0.0,0.0,1.0,1.0,2.107142857142857,3.0,9,8
FOODS_1_170,84.0,25.0,11.0,0.7023809523809523,0.8690476190476191,9.107142857142858,17.785714285714285,14,11
FOODS_1_171,20.0,0.0,0.0,1.0,1.0,3.642857142857143,4.035714285714286,7,8
FOODS_1_172,54.0,0.0,0.0,1.0,1.0,12.714285714285714,12.928571428571429,10,11
FOODS_1_173,110.0,9.0,3.0,0.9181818181818182,0.9727272727272728,17.357142857142858,20.357142857142858,11,11
FOODS_1_174,48.0,3.0,3.0,0.9375,0.9375,11.678571428571429,11.285714285714286,10,9
FOODS_1_175,39.0,6.0,5.0,0.8461538461538461,0.8717948717948718,5.0,5.392857142857143,11,11
FOODS_1_176,12.0,0.0,0.0,1.0,1.0,3.3214285714285716,3.607142857142857,9,8
FOODS_1_177,24.0,0.0,0.0,1.0,1.0,12.535714285714286,12.678571428571429,5,5
FOODS_1_178,21.0,3.0,3.0,0.8571428571428571,0.8571428571428571,4.285714285714286,4.5,8,8
FOODS_1_179,5.0,1.0,0.0,0.8,1.0,2.8214285714285716,4.428571428571429,3,2
FOODS_1_180,45.0,23.0,21.0,0.4888888888888889,0.5333333333333333,8.107142857142858,10.892857142857142,10,6
FOODS_1_181,94.0,0.0,0.0,1.0,1.0,33.92857142857143,31.392857142857142,9,9
FOODS_1_182,41.0,0.0,0.0,1.0,1.0,8.178571428571429,7.928571428571429,12,14
FOODS_1_183,52.0,0.0,0.0,1.0,1.0,14.428571428571429,16.071428571428573,11,12
FOODS_1_184,31.0,0.0,0.0,1.0,1.0,17.821428571428573,19.214285714285715,6,6
FOODS_1_185,68.0,9.0,9.0,0.8676470588235294,0.8676470588235294,15.321428571428571,19.071428571428573,10,7
FOODS_1_186,26.0,0.0,0.0,1.0,1.0,6.571428571428571,5.535714285714286,9,9
FOODS_1_187,45.0,9.0,8.0,0.8,0.8222222222222222,5.928571428571429,6.75,12,11
FOODS_1_188,48.0,0.0,0.0,1.0,1.0,10.25,10.035714285714286,9,9
FOODS_1_189,31.0,3.0,5.0,0.9032258064516129,0.8387096774193549,8.678571428571429,6.285714285714286,7,7
FOODS_1_190,15.0,7.0,1.0,0.5333333333333333,0.9333333333333333,3.2142857142857144,6.25,4,6
FOODS_1_191,5.0,0.0,0.0,1.0,1.0,1.5714285714285714,2.25,5,5
FOODS_1_192,62.0,24.0,19.0,0.6129032258064516,0.6935483870967742,1.7142857142857142,3.8214285714285716,16,15
FOODS_1_193,22.0,3.0,4.0,0.8636363636363636,0.8181818181818182,5.357142857142857,5.642857142857143,7,10
FOODS_1_194,56.0,8.0,9.0,0.8571428571428571,0.8392857142857143,15.071428571428571,13.964285714285714,9,9
FOODS_1_195,28.0,3.0,3.0,0.8928571428571429,0.8928571428571429,6.785714285714286,7.5,10,10
FOODS_1_196,24.0,0.0,0.0,1.0,1.0,8.464285714285714,9.535714285714286,6,7
FOODS_1_197,27.0,0.0,0.0,1.0,1.0,3.2857142857142856,3.857142857142857,15,12
FOODS_1_198,33.0,2.0,1.0,0.9393939393939394,0.9696969696969697,4.857142857142857,4.964285714285714,11,10
FOODS_1_199,26.0,9.0,8.0,0.6538461538461539,0.6923076923076923,7.0,6.857142857142857,6,7
FOODS_1_200,207.0,0.0,0.0,1.0,1.0,32.92857142857143,31.5,15,14
FOODS_1_201,68.0,6.0,1.0,0.9117647058823529,0.9852941176470589,10.785714285714286,10.321428571428571,13,13
FOODS_1_202,36.0,4.0,2.0,0.8888888888888888,0.9444444444444444,7.392857142857143,8.642857142857142,8,10
FOODS_1_203,27.0,0.0,0.0,1.0,1.0,7.714285714285714,7.571428571428571,7,8
FOODS_1_204,55.0,0.0,0.0,1.0,1.0,24.75,23.857142857142858,6,6
FOODS_1_205,15.0,0.0,0.0,1.0,1.0,4.107142857142857,4.964285714285714,7,7
FOODS_1_206,75.0,4.0,2.0,0.9466666666666667,0.9733333333333334,14.607142857142858,15.75,13,12
FOODS_1_207,30.0,0.0,0.0,1.0,1.0,8.0,8.75,10,10
FOODS_1_208,40.0,0.0,0.0,1.0,1.0,12.678571428571429,12.071428571428571,9,8
FOODS_1_209,35.0,18.0,15.0,0.4857142857142857,0.5714285714285714,2.4285714285714284,3.7142857142857144,10,9
FOODS_1_210,79.0,36.0,31.0,0.5443037974683544,0.6075949367088608,5.535714285714286,9.392857142857142,17,13
FOODS_1_211,6.0,0.0,0.0,1.0,1.0,6.821428571428571,6.75,5,3
FOODS_1_212,18.0,2.0,2.0,0.8888888888888888,0.8888888888888888,5.571428571428571,4.535714285714286,7,7
FOODS_1_213,23.0,0.0,0.0,1.0,1.0,6.821428571428571,7.607142857142857,10,8
FOODS_1_214,26.0,2.0,2.0,0.9230769230769231,0.9230769230769231,6.071428571428571,5.892857142857143,8,9
FOODS_1_215,61.0,0.0,0.0,1.0,1.0,10.928571428571429,11.285714285714286,12,13
FOODS_1_216,6.0,0.0,0.0,1.0,1.0,9.678571428571429,9.821428571428571,1,1
FOODS_1_217,80.0,0.0,0.0,1.0,1.0,14.785714285714286,14.75,12,13
FOODS_1_218,269.0,22.0,17.0,0.9182156133828996,0.9368029739776952,30.571428571428573,36.964285714285715,14,13
FOODS_1_219,85.0,0.0,0.0,1.0,1.0,13.428571428571429,15.535714285714286,15,14
FOODS_2_001,31.0,0.0,0.0,1.0,1.0,6.25,5.857142857142857,11,10
FOODS_2_002,19.0,0.0,0.0,1.0,1.0,11.25,13.107142857142858,4,5
FOODS_2_003,26.0,0.0,0.0,1.0,1.0,4.0,4.392857142857143,12,11
FOODS_2_004,29.0,0.0,0.0,1.0,1.0,9.107142857142858,10.142857142857142,8,9
FOODS_2_005,12.0,0.0,0.0,1.0,1.0,4.142857142857143,4.178571428571429,7,8
FOODS_2_006,10.0,0.0,0.0,1.0,1.0,6.5,5.357142857142857,4,4
FOODS_2_007,10.0,0.0,0.0,1.0,1.0,11.0,9.5,2,2
FOODS_2_008,28.0,14.0,10.0,0.5,0.6428571428571429,1.3214285714285714,2.2142857142857144,12,9
FOODS_2_009,23.0,0.0,0.0,1.0,1.0,6.107142857142857,7.142857142857143,9,9
FOODS_2_010,27.0,0.0,1.0,1.0,0.9629629629629629,5.714285714285714,5.107142857142857,11,12
FOODS_2_011,15.0,0.0,0.0,1.0,1.0,6.0,6.071428571428571,6,6
FOODS_2_012,27.0,4.0,3.0,0.8518518518518519,0.8888888888888888,5.285714285714286,5.607142857142857,10,11
FOODS_2_013,105.0,0.0,0.0,1.0,1.0,22.678571428571427,22.142857142857142,12,13
FOODS_2_014,60.0,0.0,0.0,1.0,1.0,8.607142857142858,9.928571428571429,14,13
FOODS_2_015,31.0,0.0,0.0,1.0,1.0,6.5,5.892857142857143,10,10
FOODS_2_016,119.0,0.0,0.0,1.0,1.0,38.714285714285715,41.57142857142857,8,6
FOODS_2_017,14.0,0.0,0.0,1.0,1.0,5.285714285714286,4.714285714285714,6,7
FOODS_2_018,15.0,0.0,0.0,1.0,1.0,7.964285714285714,7.607142857142857,3,3
FOODS_2_019,392.0,0.0,0.0,1.0,1.0,64.71428571428571,64.89285714285714,16,12
FOODS_2_020,15.0,0.0,0.0,1.0,1.0,5.214285714285714,5.178571428571429,6,6
FOODS_2_021,180.0,3.0,0.0,0.9833333333333333,1.0,20.5,26.214285714285715,17,13
FOODS_2_022,13.0,0.0,0.0,1.0,1.0,15.821428571428571,16.428571428571427,1,1
FOODS_2_023,20.0,0.0,0.0,1.0,1.0,5.607142857142857,5.321428571428571,6,8
FOODS_2_024,40.0,1.0,0.0,0.975,1.0,9.035714285714286,9.75,12,10
FOODS_2_025,23.0,0.0,0.0,1.0,1.0,5.392857142857143,4.964285714285714,10,10
FOODS_2_026,14.0,0.0,0.0,1.0,1.0,13.964285714285714,13.964285714285714,3,3
FOODS_2_027,9.0,6.0,5.0,0.3333333333333333,0.4444444444444444,1.8571428571428572,3.607142857142857,2,3
FOODS_2_028,10.0,1.0,1.0,0.9,0.9,5.75,5.964285714285714,2,2
FOODS_2_029,172.0,7.0,2.0,0.9593023255813954,0.9883720930232558,23.178571428571427,24.357142857142858,14,11
FOODS_2_030,84.0,0.0,0.0,1.0,1.0,16.464285714285715,17.035714285714285,12,12
FOODS_2_031,22.0,14.0,9.0,0.36363636363636365,0.5909090909090909,0.7142857142857143,2.392857142857143,8,8
FOODS_2_032,12.0,9.0,6.0,0.25,0.5,0.25,0.6428571428571429,4,4
FOODS_2_033,83.0,0.0,0.0,1.0,1.0,16.0,18.321428571428573,11,12
FOODS_2_034,30.0,0.0,0.0,1.0,1.0,10.464285714285714,10.357142857142858,8,8
FOODS_2_035,28.0,0.0,0.0,1.0,1.0,6.0,6.678571428571429,11,9
FOODS_2_036,74.0,10.0,6.0,0.8648648648648649,0.918918918918919,8.464285714285714,11.142857142857142,15,13
FOODS_2_037,3.0,0.0,0.0,1.0,1.0,4.821428571428571,4.821428571428571,0,1
FOODS_2_038,16.0,1.0,1.0,0.9375,0.9375,4.892857142857143,5.321428571428571,7,6
FOODS_2_039,16.0,1.0,1.0,0.9375,0.9375,3.75,3.3214285714285716,9,11
FOODS_2_040,23.0,13.0,11.0,0.43478260869565216,0.5217391304347826,1.1785714285714286,2.2142857142857144,8,10
FOODS_2_041,26.0,0.0,0.0,1.0,1.0,4.357142857142857,4.178571428571429,11,10
FOODS_2_042,30.0,17.0,13.0,0.43333333333333335,0.5666666666666667,0.6785714285714286,1.9285714285714286,8,6
FOODS_2_043,50.0,0.0,0.0,1.0,1.0,7.571428571428571,6.678571428571429,13,12
FOODS_2_044,28.0,0.0,0.0,1.0,1.0,10.75,10.25,8,7
FOODS_2_045,20.0,0.0,0.0,1.0,1.0,7.571428571428571,7.607142857142857,6,7
FOODS_2_046,7.0,0.0,0.0,1.0,1.0,5.285714285714286,4.75,3,4
FOODS_2_047,59.0,4.0,2.0,0.9322033898305084,0.9661016949152542,5.392857142857143,6.892857142857143,16,14
FOODS_2_048,12.0,6.0,5.0,0.5,0.5833333333333334,1.7142857142857142,2.392857142857143,5,7
FOODS_2_049,19.0,0.0,0.0,1.0,1.0,5.857142857142857,6.321428571428571,7,7
FOODS_2_050,54.0,0.0,0.0,1.0,1.0,7.464285714285714,8.607142857142858,11,11
FOODS_2_051,54.0,0.0,1.0,1.0,0.9814814814814815,8.071428571428571,7.857142857142857,13,12
FOODS_2_052,68.0,0.0,0.0,1.0,1.0,14.392857142857142,14.071428571428571,12,11
FOODS_2_053,22.0,2.0,3.0,0.9090909090909091,0.8636363636363636,3.5714285714285716,3.392857142857143,11,10
FOODS_2_054,82.0,6.0,1.0,0.926829268292683,0.9878048780487805,12.142857142857142,13.857142857142858,13,14
FOODS_2_055,41.0,0.0,0.0,1.0,1.0,7.857142857142857,7.75,9,9
FOODS_2_056,45.0,3.0,2.0,0.9333333333333333,0.9555555555555556,4.464285714285714,5.714285714285714,13,11
FOODS_2_057,9.0,0.0,0.0,1.0,1.0,3.5,3.2857142857142856,7,7
FOODS_2_058,3.0,0.0,0.0,1.0,1.0,4.714285714285714,5.214285714285714,0,1
FOODS_2_059,48.0,6.0,2.0,0.875,0.9583333333333334,4.428571428571429,5.071428571428571,15,15
FOODS_2_060,75.0,8.0,8.0,0.8933333333333333,0.8933333333333333,6.857142857142857,7.25,15,15
FOODS_2_061,54.0,5.0,4.0,0.9074074074074074,0.9259259259259259,8.928571428571429,10.178571428571429,13,13
FOODS_2_062,14.0,0.0,0.0,1.0,1.0,7.071428571428571,6.285714285714286,4,6
FOODS_2_063,57.0,0.0,0.0,1.0,1.0,13.214285714285714,14.071428571428571,10,8
FOODS_2_064,4.0,0.0,0.0,1.0,1.0,4.857142857142857,5.285714285714286,1,1
FOODS_2_065,36.0,0.0,0.0,1.0,1.0,8.928571428571429,9.857142857142858,9,8
FOODS_2_066,8.0,0.0,0.0,1.0,1.0,5.964285714285714,5.785714285714286,3,4
FOODS_2_067,28.0,15.0,9.0,0.4642857142857143,0.6785714285714286,0.35714285714285715,2.0714285714285716,9,8
FOODS_2_068,5.0,0.0,0.0,1.0,1.0,5.642857142857143,5.035714285714286,1,1
FOODS_2_069,12.0,0.0,0.0,1.0,1.0,5.0,5.035714285714286,7,7
FOODS_2_070,0.0,0.0,0.0,,,0.0,0.75,0,1
FOODS_2_071,13.0,0.0,0.0,1.0,1.0,4.857142857142857,4.5,5,6
FOODS_2_072,18.0,0.0,0.0,1.0,1.0,10.178571428571429,9.821428571428571,6,5
FOODS_2_073,6.0,0.0,0.0,1.0,1.0,7.071428571428571,6.357142857142857,2,2
FOODS_2_074,79.0,0.0,0.0,1.0,1.0,13.821428571428571,14.892857142857142,11,11
FOODS_2_075,70.0,0.0,0.0,1.0,1.0,14.178571428571429,14.357142857142858,12,13
FOODS_2_076,15.0,0.0,0.0,1.0,1.0,3.892857142857143,3.7857142857142856,10,7
FOODS_2_077,37.0,0.0,0.0,1.0,1.0,10.607142857142858,8.857142857142858,10,11
FOODS_2_078,20.0,0.0,0.0,1.0,1.0,12.714285714285714,12.392857142857142,7,5
FOODS_2_079,22.0,1.0,1.0,0.9545454545454546,0.9545454545454546,6.0,5.714285714285714,7,8
FOODS_2_080,55.0,43.0,30.0,0.21818181818181817,0.45454545454545453,1.1785714285714286,2.607142857142857,9,8
FOODS_2_081,78.0,0.0,0.0,1.0,1.0,17.285714285714285,16.214285714285715,13,12
FOODS_2_082,51.0,0.0,0.0,1.0,1.0,18.035714285714285,17.571428571428573,7,7
FOODS_2_083,26.0,1.0,0.0,0.9615384615384616,1.0,4.821428571428571,5.071428571428571,9,10
FOODS_2_084,12.0,0.0,0.0,1.0,1.0,10.178571428571429,10.178571428571429,3,4
FOODS_2_085,33.0,0.0,0.0,1.0,1.0,5.928571428571429,5.321428571428571,12,12
FOODS_2_086,37.0,0.0,0.0,1.0,1.0,11.178571428571429,11.357142857142858,9,8
FOODS_2_087,8.0,0.0,0.0,1.0,1.0,4.464285714285714,4.607142857142857,4,6
FOODS_2_088,11.0,0.0,0.0,1.0,1.0,8.321428571428571,7.75,3,4
FOODS_2_089,19.0,0.0,0.0,1.0,1.0,7.142857142857143,6.535714285714286,9,8
FOODS_2_090,4.0,0.0,0.0,1.0,1.0,7.428571428571429,6.642857142857143,1,0
FOODS_2_091,31.0,0.0,0.0,1.0,1.0,9.392857142857142,8.214285714285714,7,8
FOODS_2_092,10.0,2.0,0.0,0.8,1.0,2.4285714285714284,4.142857142857143,8,5
FOODS_2_093,19.0,0.0,0.0,1.0,1.0,9.714285714285714,9.785714285714286,4,4
FOODS_2_094,8.0,0.0,0.0,1.0,1.0,9.821428571428571,10.0,2,3
FOODS_2_095,27.0,1.0,2.0,0.9629629629629629,0.9259259259259259,5.464285714285714,5.75,10,10
FOODS_2_096,8.0,4.0,4.0,0.5,0.5,2.857142857142857,2.2857142857142856,4,3
FOODS_2_097,14.0,3.0,2.0,0.7857142857142857,0.8571428571428571,4.607142857142857,5.0,6,7
FOODS_2_099,22.0,0.0,0.0,1.0,1.0,6.607142857142857,7.285714285714286,7,7
FOODS_2_100,42.0,0.0,0.0,1.0,1.0,9.857142857142858,8.857142857142858,10,9
FOODS_2_101,70.0,0.0,2.0,1.0,0.9714285714285714,9.571428571428571,9.357142857142858,14,13
FOODS_2_102,33.0,1.0,0.0,0.9696969696969697,1.0,5.75,6.285714285714286,10,10
FOODS_2_103,19.0,0.0,0.0,1.0,1.0,9.535714285714286,9.75,4,5
FOODS_2_104,20.0,0.0,0.0,1.0,1.0,3.642857142857143,5.0,10,8
FOODS_2_105,25.0,2.0,1.0,0.92,0.96,3.2142857142857144,3.642857142857143,9,11
FOODS_2_106,10.0,0.0,0.0,1.0,1.0,5.214285714285714,6.178571428571429,3,4
FOODS_2_107,38.0,4.0,4.0,0.8947368421052632,0.8947368421052632,9.142857142857142,9.5,9,9
FOODS_2_108,18.0,4.0,2.0,0.7777777777777778,0.8888888888888888,2.8214285714285716,3.75,9,9
FOODS_2_109,46.0,0.0,0.0,1.0,1.0,9.75,10.142857142857142,12,13
FOODS_2_110,11.0,0.0,0.0,1.0,1.0,13.071428571428571,14.785714285714286,1,2
FOODS_2_111,5.0,2.0,2.0,0.6,0.6,2.392857142857143,3.6785714285714284,3,2
FOODS_2_112,48.0,0.0,0.0,1.0,1.0,11.607142857142858,12.392857142857142,10,10
FOODS_2_113,30.0,0.0,0.0,1.0,1.0,6.785714285714286,5.714285714285714,10,11
FOODS_2_114,4.0,0.0,0.0,1.0,1.0,7.964285714285714,7.392857142857143,1,1
FOODS_2_115,50.0,0.0,0.0,1.0,1.0,11.535714285714286,11.964285714285714,12,12
FOODS_2_116,28.0,0.0,0.0,1.0,1.0,9.285714285714286,9.892857142857142,8,8
FOODS_2_117,30.0,5.0,6.0,0.8333333333333334,0.8,6.857142857142857,6.642857142857143,8,7
FOODS_2_118,11.0,0.0,0.0,1.0,1.0,5.928571428571429,5.107142857142857,4,5
FOODS_2_119,73.0,8.0,9.0,0.8904109589041096,0.8767123287671232,11.321428571428571,11.464285714285714,13,11
FOODS_2_120,18.0,0.0,0.0,1.0,1.0,6.178571428571429,7.285714285714286,6,8
FOODS_2_121,17.0,0.0,0.0,1.0,1.0,8.607142857142858,8.5,7,6
FOODS_2_122,7.0,0.0,0.0,1.0,1.0,6.0,5.321428571428571,3,3
FOODS_2_123,33.0,3.0,4.0,0.9090909090909091,0.8787878787878788,3.0357142857142856,2.4642857142857144,15,14
FOODS_2_124,15.0,0.0,0.0,1.0,1.0,5.0,5.714285714285714,7,7
FOODS_2_125,23.0,0.0,0.0,1.0,1.0,6.857142857142857,6.535714285714286,7,5
FOODS_2_126,12.0,0.0,0.0,1.0,1.0,14.75,13.964285714285714,1,2
FOODS_2_127,12.0,0.0,0.0,1.0,1.0,3.642857142857143,3.857142857142857,8,10
FOODS_2_128,270.0,23.0,0.0,0.9148148148148149,1.0,29.357142857142858,34.75,16,17
FOODS_2_129,1.0,0.0,0.0,1.0,1.0,1.7857142857142858,2.5,1,2
FOODS_2_130,50.0,0.0,0.0,1.0,1.0,6.5,7.178571428571429,13,14
FOODS_2_131,73.0,0.0,0.0,1.0,1.0,32.285714285714285,36.17857142857143,6,7
FOODS_2_132,17.0,0.0,0.0,1.0,1.0,7.178571428571429,6.928571428571429,8,9
FOODS_2_133,27.0,0.0,0.0,1.0,1.0,6.607142857142857,5.857142857142857,9,10
FOODS_2_134,33.0,0.0,1.0,1.0,0.9696969696969697,10.357142857142858,9.714285714285714,8,7
FOODS_2_135,30.0,0.0,0.0,1.0,1.0,14.5,14.285714285714286,6,6
FOODS_2_136,17.0,1.0,1.0,0.9411764705882353,0.9411764705882353,3.857142857142857,3.75,7,7
FOODS_2_137,19.0,7.0,6.0,0.631578947368421,0.6842105263157895,5.0,5.392857142857143,4,4
FOODS_2_138,60.0,1.0,1.0,0.9833333333333333,0.9833333333333333,6.357142857142857,7.107142857142857,14,13
FOODS_2_139,53.0,0.0,0.0,1.0,1.0,14.571428571428571,14.928571428571429,11,10
FOODS_2_140,32.0,3.0,5.0,0.90625,0.84375,8.571428571428571,8.785714285714286,9,6
FOODS_2_141,25.0,0.0,0.0,1.0,1.0,7.678571428571429,7.821428571428571,8,8
FOODS_2_142,32.0,0.0,0.0,1.0,1.0,4.428571428571429,4.607142857142857,13,13
FOODS_2_143,12.0,0.0,0.0,1.0,1.0,4.964285714285714,5.5,5,7
FOODS_2_144,36.0,0.0,0.0,1.0,1.0,8.25,8.392857142857142,10,10
FOODS_2_145,45.0,0.0,0.0,1.0,1.0,15.714285714285714,15.285714285714286,8,6
FOODS_2_146,41.0,2.0,2.0,0.9512195121951219,0.9512195121951219,8.535714285714286,9.321428571428571,12,11
FOODS_2_147,19.0,0.0,0.0,1.0,1.0,6.035714285714286,5.678571428571429,6,6
FOODS_2_148,13.0,0.0,0.0,1.0,1.0,5.928571428571429,5.857142857142857,5,4
FOODS_2_149,23.0,0.0,0.0,1.0,1.0,8.0,8.25,7,5
FOODS_2_150,73.0,0.0,0.0,1.0,1.0,11.821428571428571,14.642857142857142,15,13
FOODS_2_151,29.0,7.0,4.0,0.7586206896551724,0.8620689655172413,9.071428571428571,10.0,7,5
FOODS_2_152,44.0,0.0,0.0,1.0,1.0,12.5,12.964285714285714,8,8
FOODS_2_153,105.0,0.0,0.0,1.0,1.0,15.928571428571429,15.75,12,12
FOODS_2_154,4.0,0.0,0.0,1.0,1.0,3.2857142857142856,4.571428571428571,2,3
FOODS_2_155,14.0,8.0,6.0,0.42857142857142855,0.5714285714285714,1.1071428571428572,2.0714285714285716,7,6
FOODS_2_156,23.0,0.0,0.0,1.0,1.0,10.714285714285714,11.107142857142858,5,7
FOODS_2_157,25.0,0.0,0.0,1.0,1.0,4.75,5.035714285714286,12,10
FOODS_2_158,18.0,0.0,0.0,1.0,1.0,8.785714285714286,8.25,4,5
FOODS_2_159,8.0,0.0,0.0,1.0,1.0,3.857142857142857,3.8214285714285716,5,6
FOODS_2_160,9.0,1.0,1.0,0.8888888888888888,0.8888888888888888,4.785714285714286,4.785714285714286,1,1
FOODS_2_161,5.0,0.0,0.0,1.0,1.0,5.607142857142857,5.142857142857143,3,2
FOODS_2_162,39.0,0.0,0.0,1.0,1.0,15.178571428571429,14.785714285714286,8,8
FOODS_2_163,8.0,0.0,0.0,1.0,1.0,4.785714285714286,5.392857142857143,4,4
FOODS_2_164,58.0,12.0,8.0,0.7931034482758621,0.8620689655172413,7.071428571428571,8.678571428571429,11,13
FOODS_2_165,3.0,0.0,0.0,1.0,1.0,4.142857142857143,4.357142857142857,2,1
FOODS_2_166,13.0,9.0,8.0,0.3076923076923077,0.38461538461538464,0.8214285714285714,3.357142857142857,6,5
FOODS_2_167,11.0,0.0,0.0,1.0,1.0,7.464285714285714,7.035714285714286,4,4
FOODS_2_168,7.0,0.0,0.0,1.0,1.0,4.285714285714286,4.5,4,3
FOODS_2_169,16.0,0.0,0.0,1.0,1.0,5.535714285714286,4.642857142857143,8,8
FOODS_2_170,44.0,0.0,0.0,1.0,1.0,12.642857142857142,13.035714285714286,8,9
FOODS_2_171,25.0,0.0,0.0,1.0,1.0,2.6785714285714284,2.392857142857143,10,12
FOODS_2_172,37.0,2.0,2.0,0.9459459459459459,0.9459459459459459,6.5,6.25,9,9
FOODS_2_173,36.0,0.0,0.0,1.0,1.0,5.464285714285714,5.285714285714286,11,9
FOODS_2_174,35.0,0.0,0.0,1.0,1.0,8.607142857142858,9.214285714285714,7,6
FOODS_2_175,65.0,0.0,0.0,1.0,1.0,22.142857142857142,23.285714285714285,9,9
FOODS_2_176,32.0,3.0,3.0,0.90625,0.90625,4.107142857142857,4.678571428571429,11,12
FOODS_2_177,25.0,0.0,0.0,1.0,1.0,7.928571428571429,7.785714285714286,7,8
FOODS_2_178,21.0,9.0,7.0,0.5714285714285714,0.6666666666666666,1.8928571428571428,3.642857142857143,8,8
FOODS_2_179,14.0,0.0,0.0,1.0,1.0,6.285714285714286,5.392857142857143,5,5
FOODS_2_180,12.0,0.0,0.0,1.0,1.0,7.642857142857143,8.464285714285714,6,5
FOODS_2_181,136.0,0.0,0.0,1.0,1.0,25.714285714285715,28.071428571428573,14,12
FOODS_2_182,48.0,0.0,0.0,1.0,1.0,13.928571428571429,13.321428571428571,10,10
FOODS_2_183,80.0,14.0,12.0,0.825,0.85,7.071428571428571,8.928571428571429,16,14
FOODS_2_184,30.0,0.0,0.0,1.0,1.0,5.142857142857143,6.107142857142857,11,11
FOODS_2_185,26.0,0.0,0.0,1.0,1.0,6.107142857142857,7.714285714285714,9,8
FOODS_2_186,25.0,2.0,2.0,0.92,0.92,3.9285714285714284,3.107142857142857,12,11
FOODS_2_187,10.0,0.0,0.0,1.0,1.0,5.535714285714286,5.428571428571429,4,5
FOODS_2_188,15.0,0.0,0.0,1.0,1.0,5.107142857142857,4.821428571428571,9,7
FOODS_2_189,45.0,3.0,4.0,0.9333333333333333,0.9111111111111111,11.642857142857142,11.821428571428571,7,7
FOODS_2_190,35.0,1.0,2.0,0.9714285714285714,0.9428571428571428,6.392857142857143,6.714285714285714,11,10
FOODS_2_191,6.0,1.0,1.0,0.8333333333333334,0.8333333333333334,2.7142857142857144,3.5714285714285716,3,3
FOODS_2_192,63.0,0.0,0.0,1.0,1.0,18.142857142857142,18.0,9,8
FOODS_2_193,16.0,0.0,0.0,1.0,1.0,4.0,4.821428571428571,9,7
FOODS_2_194,115.0,3.0,0.0,0.9739130434782609,1.0,16.571428571428573,15.964285714285714,16,16
FOODS_2_195,5.0,0.0,0.0,1.0,1.0,2.607142857142857,2.642857142857143,3,4
FOODS_2_196,8.0,0.0,0.0,1.0,1.0,5.928571428571429,5.285714285714286,3,3
FOODS_2_197,614.0,4.0,0.0,0.993485342019544,1.0,67.21428571428571,70.25,17,15
FOODS_2_198,16.0,0.0,0.0,1.0,1.0,10.107142857142858,10.0,5,4
FOODS_2_199,36.0,0.0,0.0,1.0,1.0,10.428571428571429,12.107142857142858,8,7
FOODS_2_200,9.0,1.0,2.0,0.8888888888888888,0.7777777777777778,4.678571428571429,4.535714285714286,3,3
FOODS_2_201,79.0,0.0,0.0,1.0,1.0,16.0,15.714285714285714,15,13
FOODS_2_202,30.0,0.0,0.0,1.0,1.0,6.607142857142857,5.321428571428571,12,10
FOODS_2_203,25.0,0.0,0.0,1.0,1.0,9.071428571428571,8.892857142857142,7,7
FOODS_2_204,122.0,0.0,0.0,1.0,1.0,18.714285714285715,23.357142857142858,14,13
FOODS_2_205,18.0,0.0,0.0,1.0,1.0,7.214285714285714,6.607142857142857,6,7
FOODS_2_206,26.0,2.0,3.0,0.9230769230769231,0.8846153846153846,7.642857142857143,7.392857142857143,6,6
FOODS_2_207,4.0,0.0,0.0,1.0,1.0,4.571428571428571,4.964285714285714,1,2
FOODS_2_208,34.0,0.0,0.0,1.0,1.0,12.892857142857142,11.571428571428571,8,8
FOODS_2_209,15.0,0.0,0.0,1.0,1.0,6.428571428571429,6.178571428571429,7,7
FOODS_2_210,17.0,0.0,0.0,1.0,1.0,5.178571428571429,5.428571428571429,7,8
FOODS_2_211,25.0,1.0,0.0,0.96,1.0,5.571428571428571,5.214285714285714,10,9
FOODS_2_212,33.0,0.0,1.0,1.0,0.9696969696969697,19.142857142857142,18.464285714285715,5,5
FOODS_2_213,17.0,0.0,0.0,1.0,1.0,7.678571428571429,7.357142857142857,5,6
FOODS_2_214,42.0,18.0,14.0,0.5714285714285714,0.6666666666666666,0.9642857142857143,1.6428571428571428,13,12
FOODS_2_215,55.0,4.0,3.0,0.9272727272727272,0.9454545454545454,8.071428571428571,8.464285714285714,12,12
FOODS_2_216,22.0,3.0,3.0,0.8636363636363636,0.8636363636363636,5.714285714285714,5.5,8,7
FOODS_2_217,32.0,0.0,0.0,1.0,1.0,5.857142857142857,6.0,8,9
FOODS_2_218,25.0,0.0,1.0,1.0,0.96,4.892857142857143,4.464285714285714,10,9
FOODS_2_219,47.0,0.0,0.0,1.0,1.0,11.607142857142858,10.035714285714286,10,9
FOODS_2_220,51.0,0.0,0.0,1.0,1.0,10.785714285714286,10.678571428571429,11,10
FOODS_2_221,75.0,2.0,3.0,0.9733333333333334,0.96,19.928571428571427,20.321428571428573,8,8
FOODS_2_222,125.0,0.0,0.0,1.0,1.0,41.857142857142854,42.392857142857146,8,8
FOODS_2_223,28.0,14.0,13.0,0.5,0.5357142857142857,0.7857142857142857,2.2142857142857144,9,9
FOODS_2_224,16.0,0.0,0.0,1.0,1.0,6.428571428571429,5.785714285714286,6,6
FOODS_2_225,56.0,4.0,3.0,0.9285714285714286,0.9464285714285714,6.357142857142857,6.5,12,13
FOODS_2_226,7.0,0.0,0.0,1.0,1.0,3.7857142857142856,3.642857142857143,4,3
FOODS_2_227,18.0,3.0,3.0,0.8333333333333334,0.8333333333333334,7.142857142857143,8.071428571428571,3,3
FOODS_2_228,8.0,0.0,0.0,1.0,1.0,2.7857142857142856,3.0714285714285716,5,5
FOODS_2_229,7.0,4.0,3.0,0.42857142857142855,0.5714285714285714,0.03571428571428571,0.8214285714285714,5,5
FOODS_2_230,15.0,11.0,6.0,0.26666666666666666,0.6,0.14285714285714285,0.8214285714285714,4,5
FOODS_2_231,22.0,2.0,2.0,0.9090909090909091,0.9090909090909091,5.357142857142857,4.857142857142857,7,6
FOODS_2_232,44.0,0.0,0.0,1.0,1.0,7.785714285714286,7.642857142857143,12,13
FOODS_2_233,53.0,0.0,0.0,1.0,1.0,9.285714285714286,10.392857142857142,12,11
FOODS_2_234,34.0,0.0,0.0,1.0,1.0,9.785714285714286,8.392857142857142,8,11
FOODS_2_235,21.0,0.0,1.0,1.0,0.9523809523809523,7.535714285714286,7.571428571428571,8,8
FOODS_2_236,10.0,0.0,0.0,1.0,1.0,10.178571428571429,9.821428571428571,2,1
FOODS_2_237,41.0,0.0,1.0,1.0,0.975609756097561,6.464285714285714,6.535714285714286,11,10
FOODS_2_238,24.0,0.0,0.0,1.0,1.0,8.25,7.964285714285714,9,9
FOODS_2_239,5.0,0.0,0.0,1.0,1.0,3.107142857142857,3.5357142857142856,3,4
FOODS_2_240,24.0,17.0,9.0,0.2916666666666667,0.625,1.2857142857142858,2.607142857142857,7,7
FOODS_2_241,205.0,0.0,0.0,1.0,1.0,20.285714285714285,21.428571428571427,17,18
FOODS_2_242,35.0,4.0,3.0,0.8857142857142857,0.9142857142857143,10.214285714285714,10.035714285714286,6,8
FOODS_2_243,15.0,2.0,1.0,0.8666666666666667,0.9333333333333333,2.357142857142857,2.4285714285714284,7,9
FOODS_2_244,169.0,0.0,0.0,1.0,1.0,20.464285714285715,23.607142857142858,17,17
FOODS_2_245,15.0,0.0,0.0,1.0,1.0,8.357142857142858,8.428571428571429,5,4
FOODS_2_246,15.0,11.0,10.0,0.26666666666666666,0.3333333333333333,1.25,2.357142857142857,7,4
FOODS_2_247,64.0,4.0,5.0,0.9375,0.921875,17.071428571428573,17.821428571428573,11,10
FOODS_2_248,17.0,0.0,0.0,1.0,1.0,8.5,7.642857142857143,4,6
FOODS_2_249,47.0,0.0,0.0,1.0,1.0,8.571428571428571,8.142857142857142,12,13
FOODS_2_250,44.0,8.0,2.0,0.8181818181818182,0.9545454545454546,2.75,5.0,18,14
FOODS_2_251,17.0,0.0,0.0,1.0,1.0,6.357142857142857,6.607142857142857,7,7
FOODS_2_252,11.0,2.0,2.0,0.8181818181818182,0.8181818181818182,5.25,4.928571428571429,4,4
FOODS_2_253,21.0,0.0,0.0,1.0,1.0,9.107142857142858,9.0,7,6
FOODS_2_254,14.0,0.0,0.0,1.0,1.0,4.392857142857143,2.857142857142857,6,9
FOODS_2_255,24.0,0.0,0.0,1.0,1.0,4.428571428571429,5.178571428571429,11,9
FOODS_2_256,14.0,0.0,0.0,1.0,1.0,2.3214285714285716,2.8214285714285716,8,7
FOODS_2_257,42.0,0.0,0.0,1.0,1.0,14.285714285714286,17.571428571428573,6,7
FOODS_2_258,16.0,2.0,0.0,0.875,1.0,3.4285714285714284,4.142857142857143,8,10
FOODS_2_259,9.0,6.0,5.0,0.3333333333333333,0.4444444444444444,2.0357142857142856,2.4642857142857144,5,6
FOODS_2_260,15.0,0.0,0.0,1.0,1.0,5.571428571428571,5.107142857142857,6,8
FOODS_2_261,8.0,0.0,0.0,1.0,1.0,5.642857142857143,5.5,3,3
FOODS_2_262,28.0,1.0,0.0,0.9642857142857143,1.0,7.428571428571429,7.392857142857143,8,8
FOODS_2_263,11.0,2.0,2.0,0.8181818181818182,0.8181818181818182,4.535714285714286,5.75,6,6
FOODS_2_264,31.0,3.0,3.0,0.9032258064516129,0.9032258064516129,11.428571428571429,11.285714285714286,7,6
FOODS_2_265,21.0,3.0,3.0,0.8571428571428571,0.8571428571428571,4.821428571428571,5.178571428571429,9,8
FOODS_2_266,70.0,0.0,0.0,1.0,1.0,9.821428571428571,10.428571428571429,12,11
FOODS_2_267,69.0,2.0,2.0,0.9710144927536232,0.9710144927536232,12.678571428571429,13.964285714285714,13,13
FOODS_2_268,13.0,0.0,0.0,1.0,1.0,3.3214285714285716,3.7857142857142856,6,7
FOODS_2_269,26.0,1.0,1.0,0.9615384615384616,0.9615384615384616,3.6785714285714284,3.642857142857143,11,9
FOODS_2_270,13.0,1.0,1.0,0.9230769230769231,0.9230769230769231,12.0,12.0,1,1
FOODS_2_271,28.0,0.0,0.0,1.0,1.0,4.642857142857143,3.892857142857143,12,9
FOODS_2_272,32.0,0.0,0.0,1.0,1.0,10.214285714285714,9.035714285714286,8,8
FOODS_2_273,23.0,0.0,0.0,1.0,1.0,7.214285714285714,6.285714285714286,7,7
FOODS_2_274,47.0,4.0,3.0,0.9148936170212766,0.9361702127659575,6.785714285714286,7.214285714285714,13,12
FOODS_2_275,54.0,8.0,8.0,0.8518518518518519,0.8518518518518519,8.75,8.357142857142858,10,10
FOODS_2_276,231.0,0.0,0.0,1.0,1.0,53.25,55.142857142857146,12,11
FOODS_2_277,13.0,0.0,0.0,1.0,1.0,12.285714285714286,12.214285714285714,4,3
FOODS_2_278,21.0,1.0,0.0,0.9523809523809523,1.0,5.964285714285714,6.214285714285714,7,6
FOODS_2_279,28.0,0.0,0.0,1.0,1.0,7.321428571428571,7.785714285714286,8,7
FOODS_2_280,9.0,0.0,0.0,1.0,1.0,24.214285714285715,22.5,1,0
FOODS_2_281,6.0,0.0,0.0,1.0,1.0,4.25,4.25,4,3
FOODS_2_282,46.0,5.0,7.0,0.8913043478260869,0.8478260869565217,8.428571428571429,8.25,12,11
FOODS_2_283,37.0,0.0,0.0,1.0,1.0,15.0,15.321428571428571,9,9
FOODS_2_284,6.0,0.0,0.0,1.0,1.0,4.25,5.0,4,4
FOODS_2_285,53.0,3.0,2.0,0.9433962264150944,0.9622641509433962,8.571428571428571,9.464285714285714,13,13
FOODS_2_286,31.0,0.0,0.0,1.0,1.0,7.142857142857143,6.964285714285714,10,10
FOODS_2_287,10.0,4.0,1.0,0.6,0.9,0.17857142857142858,0.7857142857142857,6,5
FOODS_2_288,30.0,0.0,0.0,1.0,1.0,9.071428571428571,8.464285714285714,7,7
FOODS_2_289,40.0,0.0,0.0,1.0,1.0,5.964285714285714,7.607142857142857,12,11
FOODS_2_290,21.0,0.0,0.0,1.0,1.0,5.107142857142857,5.357142857142857,6,6
FOODS_2_291,36.0,1.0,2.0,0.9722222222222222,0.9444444444444444,6.75,7.142857142857143,13,11
FOODS_2_292,2.0,1.0,0.0,0.5,1.0,0.2857142857142857,1.2142857142857142,2,3
FOODS_2_293,45.0,0.0,0.0,1.0,1.0,52.642857142857146,52.642857142857146,0,0
FOODS_2_294,81.0,0.0,0.0,1.0,1.0,15.178571428571429,18.392857142857142,12,11
FOODS_2_295,17.0,0.0,0.0,1.0,1.0,5.607142857142857,5.285714285714286,6,6
FOODS_2_296,9.0,1.0,0.0,0.8888888888888888,1.0,3.357142857142857,3.892857142857143,5,5
FOODS_2_297,18.0,0.0,0.0,1.0,1.0,5.25,6.5,8,8
FOODS_2_298,11.0,1.0,0.0,0.9090909090909091,1.0,3.1785714285714284,3.6785714285714284,6,6
FOODS_2_299,96.0,0.0,0.0,1.0,1.0,9.642857142857142,16.142857142857142,17,14
FOODS_2_300,11.0,0.0,0.0,1.0,1.0,3.392857142857143,3.3214285714285716,7,7
FOODS_2_301,27.0,0.0,0.0,1.0,1.0,7.785714285714286,8.785714285714286,9,8
FOODS_2_302,36.0,0.0,0.0,1.0,1.0,9.0,8.392857142857142,9,8
FOODS_2_303,12.0,8.0,6.0,0.3333333333333333,0.5,0.6785714285714286,1.6071428571428572,6,6
FOODS_2_304,64.0,0.0,0.0,1.0,1.0,15.535714285714286,14.964285714285714,12,13
FOODS_2_305,7.0,0.0,0.0,1.0,1.0,3.142857142857143,3.8214285714285716,5,5
FOODS_2_306,13.0,0.0,0.0,1.0,1.0,7.071428571428571,7.714285714285714,3,3
FOODS_2_307,82.0,1.0,0.0,0.9878048780487805,1.0,8.857142857142858,9.714285714285714,16,15
FOODS_2_308,18.0,3.0,1.0,0.8333333333333334,0.9444444444444444,4.607142857142857,5.571428571428571,6,7
FOODS_2_309,64.0,0.0,0.0,1.0,1.0,9.571428571428571,9.535714285714286,16,13
FOODS_2_310,16.0,3.0,2.0,0.8125,0.875,3.1785714285714284,3.3214285714285716,7,7
FOODS_2_311,31.0,0.0,0.0,1.0,1.0,20.821428571428573,20.642857142857142,4,4
FOODS_2_312,14.0,0.0,0.0,1.0,1.0,3.607142857142857,4.107142857142857,8,7
FOODS_2_313,6.0,0.0,0.0,1.0,1.0,3.5,3.0714285714285716,3,4
FOODS_2_314,9.0,0.0,0.0,1.0,1.0,8.571428571428571,7.857142857142857,2,2
FOODS_2_315,80.0,4.0,0.0,0.95,1.0,11.535714285714286,15.0,12,10
FOODS_2_316,58.0,1.0,0.0,0.9827586206896551,1.0,9.25,8.75,14,14
FOODS_2_317,12.0,0.0,0.0,1.0,1.0,3.8214285714285716,3.5714285714285716,7,7
FOODS_2_318,75.0,1.0,0.0,0.9866666666666667,1.0,9.285714285714286,9.178571428571429,16,15
FOODS_2_319,14.0,2.0,1.0,0.8571428571428571,0.9285714285714286,8.392857142857142,8.178571428571429,4,4
FOODS_2_320,30.0,0.0,0.0,1.0,1.0,10.25,9.392857142857142,8,8
FOODS_2_321,19.0,0.0,0.0,1.0,1.0,7.75,8.678571428571429,5,7
FOODS_2_322,18.0,3.0,2.0,0.8333333333333334,0.8888888888888888,1.9285714285714286,2.0357142857142856,10,11
FOODS_2_323,23.0,0.0,0.0,1.0,1.0,4.428571428571429,4.178571428571429,8,7
FOODS_2_324,14.0,8.0,7.0,0.42857142857142855,0.5,1.8214285714285714,3.142857142857143,6,4
FOODS_2_325,142.0,2.0,0.0,0.9859154929577465,1.0,19.392857142857142,24.392857142857142,14,13
FOODS_2_326,185.0,7.0,13.0,0.9621621621621622,0.9297297297297298,37.892857142857146,40.535714285714285,12,9
FOODS_2_327,72.0,3.0,6.0,0.9583333333333334,0.9166666666666666,13.607142857142858,14.321428571428571,11,10
FOODS_2_328,20.0,6.0,6.0,0.7,0.7,3.4285714285714284,4.428571428571429,11,8
FOODS_2_329,18.0,0.0,0.0,1.0,1.0,5.107142857142857,5.357142857142857,6,6
FOODS_2_330,12.0,0.0,0.0,1.0,1.0,7.321428571428571,6.928571428571429,4,5
FOODS_2_331,19.0,0.0,0.0,1.0,1.0,3.642857142857143,4.928571428571429,10,8
FOODS_2_332,25.0,11.0,11.0,0.56,0.56,5.214285714285714,8.285714285714286,8,6
FOODS_2_333,20.0,0.0,0.0,1.0,1.0,5.785714285714286,5.714285714285714,8,8
FOODS_2_334,31.0,1.0,0.0,0.967741935483871,1.0,8.25,7.964285714285714,10,10
FOODS_2_335,13.0,0.0,0.0,1.0,1.0,7.285714285714286,7.5,4,5
FOODS_2_336,12.0,6.0,5.0,0.5,0.5833333333333334,1.1071428571428572,2.4285714285714284,5,5
FOODS_2_337,14.0,0.0,1.0,1.0,0.9285714285714286,3.6785714285714284,3.0357142857142856,7,7
FOODS_2_338,58.0,0.0,0.0,1.0,1.0,12.071428571428571,11.857142857142858,11,13
FOODS_2_339,22.0,0.0,0.0,1.0,1.0,6.571428571428571,6.964285714285714,6,6
FOODS_2_340,16.0,0.0,0.0,1.0,1.0,9.642857142857142,9.642857142857142,5,5
FOODS_2_341,14.0,9.0,6.0,0.35714285714285715,0.5714285714285714,0.7857142857142857,1.4642857142857142,7,6
FOODS_2_342,54.0,0.0,0.0,1.0,1.0,14.678571428571429,14.428571428571429,11,11
FOODS_2_343,15.0,0.0,0.0,1.0,1.0,6.464285714285714,5.214285714285714,7,6
FOODS_2_344,51.0,0.0,0.0,1.0,1.0,14.321428571428571,14.178571428571429,11,10
FOODS_2_345,7.0,1.0,0.0,0.8571428571428571,1.0,3.7142857142857144,4.214285714285714,3,4
FOODS_2_346,130.0,0.0,0.0,1.0,1.0,20.571428571428573,21.607142857142858,14,14
FOODS_2_347,321.0,2.0,0.0,0.9937694704049844,1.0,30.392857142857142,35.57142857142857,17,15
FOODS_2_348,24.0,1.0,1.0,0.9583333333333334,0.9583333333333334,6.142857142857143,6.5,10,9
FOODS_2_349,93.0,0.0,0.0,1.0,1.0,27.392857142857142,25.785714285714285,10,10
FOODS_2_350,19.0,0.0,0.0,1.0,1.0,7.107142857142857,7.214285714285714,7,8
FOODS_2_351,19.0,0.0,0.0,1.0,1.0,6.714285714285714,6.928571428571429,6,6
FOODS_2_352,121.0,0.0,0.0,1.0,1.0,21.071428571428573,20.392857142857142,15,14
FOODS_2_353,31.0,0.0,0.0,1.0,1.0,13.392857142857142,12.821428571428571,6,6
FOODS_2_354,2.0,0.0,0.0,1.0,1.0,3.5,3.642857142857143,1,1
FOODS_2_355,30.0,0.0,0.0,1.0,1.0,7.357142857142857,6.107142857142857,9,10
FOODS_2_356,33.0,0.0,0.0,1.0,1.0,9.464285714285714,9.107142857142858,9,9
FOODS_2_357,79.0,9.0,10.0,0.8860759493670886,0.8734177215189873,13.714285714285714,13.964285714285714,13,11
FOODS_2_358,15.0,6.0,3.0,0.6,0.8,0.42857142857142855,1.9285714285714286,9,9
FOODS_2_359,73.0,0.0,0.0,1.0,1.0,17.964285714285715,20.821428571428573,10,11
FOODS_2_360,329.0,27.0,0.0,0.9179331306990881,1.0,34.57142857142857,43.67857142857143,19,16
FOODS_2_361,41.0,1.0,1.0,0.975609756097561,0.975609756097561,5.071428571428571,4.857142857142857,11,14
FOODS_2_362,4.0,0.0,0.0,1.0,1.0,2.392857142857143,2.4642857142857144,2,3
FOODS_2_363,24.0,13.0,10.0,0.4583333333333333,0.5833333333333334,0.4642857142857143,2.0357142857142856,9,7
FOODS_2_364,43.0,0.0,0.0,1.0,1.0,9.142857142857142,9.035714285714286,12,11
FOODS_2_365,22.0,4.0,2.0,0.8181818181818182,0.9090909090909091,3.0,3.5,12,11
FOODS_2_366,27.0,0.0,1.0,1.0,0.9629629629629629,6.964285714285714,5.535714285714286,8,9
FOODS_2_367,18.0,0.0,0.0,1.0,1.0,8.571428571428571,8.321428571428571,5,5
FOODS_2_368,51.0,10.0,9.0,0.803921568627451,0.8235294117647058,11.857142857142858,11.857142857142858,8,7
FOODS_2_369,22.0,1.0,2.0,0.9545454545454546,0.9090909090909091,5.357142857142857,4.928571428571429,10,7
FOODS_2_370,16.0,0.0,0.0,1.0,1.0,10.892857142857142,10.428571428571429,2,4
FOODS_2_371,227.0,11.0,3.0,0.9515418502202643,0.986784140969163,33.142857142857146,31.035714285714285,16,16
FOODS_2_372,7.0,0.0,0.0,1.0,1.0,6.285714285714286,6.285714285714286,1,1
FOODS_2_373,16.0,0.0,0.0,1.0,1.0,11.25,10.892857142857142,3,4
FOODS_2_374,66.0,2.0,0.0,0.9696969696969697,1.0,6.321428571428571,9.25,14,14
FOODS_2_375,20.0,0.0,0.0,1.0,1.0,9.821428571428571,9.642857142857142,6,6
FOODS_2_376,32.0,0.0,0.0,1.0,1.0,13.107142857142858,14.857142857142858,6,7
FOODS_2_377,21.0,2.0,2.0,0.9047619047619048,0.9047619047619048,3.25,4.357142857142857,12,9
FOODS_2_378,8.0,0.0,0.0,1.0,1.0,4.142857142857143,4.321428571428571,5,3
FOODS_2_379,14.0,2.0,2.0,0.8571428571428571,0.8571428571428571,1.8928571428571428,2.4642857142857144,8,8
FOODS_2_380,42.0,0.0,0.0,1.0,1.0,8.964285714285714,9.785714285714286,13,10
FOODS_2_381,64.0,8.0,9.0,0.875,0.859375,11.75,11.035714285714286,11,12
FOODS_2_382,50.0,8.0,7.0,0.84,0.86,3.5357142857142856,4.25,13,12
FOODS_2_383,18.0,0.0,0.0,1.0,1.0,11.214285714285714,11.785714285714286,3,3
FOODS_2_384,39.0,0.0,0.0,1.0,1.0,14.714285714285714,14.25,6,7
FOODS_2_385,56.0,4.0,3.0,0.9285714285714286,0.9464285714285714,4.821428571428571,4.892857142857143,15,15
FOODS_2_386,21.0,1.0,1.0,0.9523809523809523,0.9523809523809523,3.4642857142857144,3.7142857142857144,8,8
FOODS_2_387,24.0,0.0,0.0,1.0,1.0,3.4642857142857144,3.142857142857143,12,12
FOODS_2_388,52.0,0.0,0.0,1.0,1.0,15.357142857142858,15.821428571428571,10,10
FOODS_2_389,18.0,2.0,1.0,0.8888888888888888,0.9444444444444444,3.642857142857143,3.25,10,11
FOODS_2_390,5.0,1.0,1.0,0.8,0.8,2.6785714285714284,2.6785714285714284,2,2
FOODS_2_391,49.0,0.0,0.0,1.0,1.0,11.642857142857142,11.857142857142858,12,11
FOODS_2_392,14.0,2.0,1.0,0.8571428571428571,0.9285714285714286,2.9642857142857144,3.107142857142857,6,9
FOODS_2_393,13.0,0.0,0.0,1.0,1.0,5.571428571428571,5.178571428571429,5,5
FOODS_2_394,10.0,0.0,0.0,1.0,1.0,2.607142857142857,3.7857142857142856,4,6
FOODS_2_395,3.0,0.0,0.0,1.0,1.0,4.428571428571429,5.178571428571429,1,2
FOODS_2_396,71.0,1.0,3.0,0.9859154929577465,0.9577464788732394,11.178571428571429,10.928571428571429,14,13
FOODS_2_397,29.0,0.0,0.0,1.0,1.0,7.214285714285714,6.964285714285714,8,9
FOODS_2_398,36.0,0.0,0.0,1.0,1.0,6.678571428571429,6.214285714285714,11,10
FOODS_2_399,55.0,2.0,2.0,0.9636363636363636,0.9636363636363636,13.285714285714286,12.892857142857142,10,9
FOODS_3_001,5.0,0.0,0.0,1.0,1.0,6.892857142857143,6.892857142857143,1,1
FOODS_3_002,37.0,24.0,16.0,0.35135135135135137,0.5675675675675675,1.5357142857142858,4.642857142857143,9,7
FOODS_3_003,15.0,0.0,0.0,1.0,1.0,4.892857142857143,5.785714285714286,7,7
FOODS_3_004,24.0,0.0,0.0,1.0,1.0,8.678571428571429,8.607142857142858,7,7
FOODS_3_005,16.0,0.0,0.0,1.0,1.0,4.107142857142857,4.75,7,8
FOODS_3_006,11.0,0.0,0.0,1.0,1.0,5.035714285714286,5.035714285714286,5,5
FOODS_3_007,52.0,8.0,8.0,0.8461538461538461,0.8461538461538461,11.607142857142858,46.42857142857143,9,3
FOODS_3_008,50.0,39.0,28.0,0.22,0.44,0.17857142857142858,1.3928571428571428,8,8
FOODS_3_009,10.0,2.0,0.0,0.8,1.0,5.285714285714286,5.392857142857143,4,5
FOODS_3_010,18.0,0.0,0.0,1.0,1.0,6.392857142857143,6.142857142857143,6,7
FOODS_3_011,41.0,0.0,0.0,1.0,1.0,21.821428571428573,22.0,5,5
FOODS_3_012,56.0,0.0,0.0,1.0,1.0,15.75,15.821428571428571,8,10
FOODS_3_013,94.0,4.0,4.0,0.9574468085106383,0.9574468085106383,15.035714285714286,15.5,14,12
FOODS_3_014,31.0,11.0,3.0,0.6451612903225806,0.9032258064516129,2.2142857142857144,3.7142857142857144,10,9
FOODS_3_015,41.0,10.0,4.0,0.7560975609756098,0.9024390243902439,8.428571428571429,9.892857142857142,10,9
FOODS_3_016,94.0,0.0,0.0,1.0,1.0,15.392857142857142,14.642857142857142,13,13
FOODS_3_017,3.0,0.0,0.0,1.0,1.0,1.7857142857142858,2.0714285714285716,2,4
FOODS_3_018,52.0,0.0,0.0,1.0,1.0,7.214285714285714,6.857142857142857,13,15
FOODS_3_019,71.0,14.0,14.0,0.8028169014084507,0.8028169014084507,4.0,4.178571428571429,12,13
FOODS_3_020,284.0,0.0,0.0,1.0,1.0,45.42857142857143,40.857142857142854,15,14
FOODS_3_021,41.0,3.0,2.0,0.926829268292683,0.9512195121951219,8.964285714285714,10.5,10,9
FOODS_3_022,10.0,2.0,2.0,0.8,0.8,3.8214285714285716,3.0357142857142856,5,4
FOODS_3_023,50.0,2.0,2.0,0.96,0.96,10.0,9.25,13,13
FOODS_3_024,0.0,0.0,0.0,,,10.0,10.0,0,0
FOODS_3_025,41.0,3.0,2.0,0.926829268292683,0.9512195121951219,8.607142857142858,8.571428571428571,10,11
FOODS_3_026,58.0,0.0,0.0,1.0,1.0,14.678571428571429,14.535714285714286,9,9
FOODS_3_027,15.0,0.0,0.0,1.0,1.0,3.3214285714285716,4.785714285714286,8,8
FOODS_3_028,38.0,0.0,0.0,1.0,1.0,9.892857142857142,10.178571428571429,11,9
FOODS_3_029,26.0,0.0,0.0,1.0,1.0,7.392857142857143,8.107142857142858,11,8
FOODS_3_030,205.0,0.0,0.0,1.0,1.0,35.82142857142857,36.464285714285715,15,14
FOODS_3_031,29.0,0.0,0.0,1.0,1.0,10.392857142857142,9.0,8,7
FOODS_3_032,27.0,0.0,0.0,1.0,1.0,9.142857142857142,9.607142857142858,7,8
FOODS_3_033,10.0,0.0,0.0,1.0,1.0,5.0,5.25,4,5
FOODS_3_034,69.0,7.0,4.0,0.8985507246376812,0.9420289855072463,10.071428571428571,11.464285714285714,11,10
FOODS_3_035,28.0,0.0,0.0,1.0,1.0,9.607142857142858,9.607142857142858,7,9
FOODS_3_036,19.0,0.0,0.0,1.0,1.0,4.785714285714286,4.964285714285714,9,10
FOODS_3_037,197.0,10.0,14.0,0.949238578680203,0.9289340101522843,26.678571428571427,26.571428571428573,15,12
FOODS_3_038,25.0,0.0,0.0,1.0,1.0,3.107142857142857,3.3214285714285716,14,13
FOODS_3_039,173.0,0.0,0.0,1.0,1.0,17.678571428571427,17.321428571428573,19,16
FOODS_3_040,25.0,5.0,4.0,0.8,0.84,6.107142857142857,6.142857142857143,8,11
FOODS_3_041,139.0,0.0,0.0,1.0,1.0,17.0,16.642857142857142,14,15
FOODS_3_042,87.0,6.0,4.0,0.9310344827586207,0.9540229885057471,12.035714285714286,12.25,13,15
FOODS_3_043,46.0,0.0,0.0,1.0,1.0,8.964285714285714,8.928571428571429,12,13
FOODS_3_044,14.0,1.0,0.0,0.9285714285714286,1.0,3.107142857142857,4.178571428571429,10,8
FOODS_3_045,7.0,0.0,0.0,1.0,1.0,4.142857142857143,4.785714285714286,3,4
FOODS_3_046,40.0,2.0,0.0,0.95,1.0,7.892857142857143,8.107142857142858,12,9
FOODS_3_047,29.0,0.0,0.0,1.0,1.0,6.892857142857143,7.964285714285714,8,10
FOODS_3_048,46.0,2.0,2.0,0.9565217391304348,0.9565217391304348,9.821428571428571,9.892857142857142,11,11
FOODS_3_049,24.0,0.0,0.0,1.0,1.0,6.857142857142857,6.071428571428571,8,8
FOODS_3_050,2.0,0.0,0.0,1.0,1.0,5.107142857142857,5.392857142857143,0,1
FOODS_3_051,40.0,3.0,1.0,0.925,0.975,8.428571428571429,9.035714285714286,10,9
FOODS_3_053,96.0,0.0,0.0,1.0,1.0,20.107142857142858,19.964285714285715,11,12
FOODS_3_054,102.0,56.0,38.0,0.45098039215686275,0.6274509803921569,0.8928571428571429,5.392857142857143,17,12
FOODS_3_055,18.0,0.0,0.0,1.0,1.0,6.607142857142857,5.857142857142857,7,8
FOODS_3_056,20.0,4.0,4.0,0.8,0.8,4.928571428571429,5.785714285714286,7,5
FOODS_3_057,14.0,6.0,5.0,0.5714285714285714,0.6428571428571429,5.214285714285714,5.642857142857143,3,3
FOODS_3_058,55.0,0.0,0.0,1.0,1.0,10.607142857142858,10.75,13,12
FOODS_3_059,48.0,0.0,0.0,1.0,1.0,14.071428571428571,13.428571428571429,8,10
FOODS_3_060,32.0,0.0,0.0,1.0,1.0,12.035714285714286,11.821428571428571,7,9
FOODS_3_061,16.0,0.0,0.0,1.0,1.0,6.071428571428571,5.107142857142857,7,9
FOODS_3_062,35.0,0.0,0.0,1.0,1.0,10.535714285714286,10.214285714285714,8,9
FOODS_3_063,32.0,2.0,0.0,0.9375,1.0,10.75,11.107142857142858,6,8
FOODS_3_064,792.0,0.0,0.0,1.0,1.0,75.71428571428571,68.46428571428571,18,20
FOODS_3_065,25.0,2.0,1.0,0.92,0.96,5.107142857142857,4.678571428571429,11,12
FOODS_3_066,160.0,0.0,0.0,1.0,1.0,27.214285714285715,24.928571428571427,16,13
FOODS_3_067,98.0,8.0,8.0,0.9183673469387755,0.9183673469387755,5.928571428571429,6.785714285714286,18,15
FOODS_3_068,19.0,0.0,0.0,1.0,1.0,12.714285714285714,12.071428571428571,4,5
FOODS_3_069,11.0,0.0,0.0,1.0,1.0,9.071428571428571,9.107142857142858,3,6
FOODS_3_070,119.0,0.0,0.0,1.0,1.0,34.57142857142857,37.82142857142857,9,8
FOODS_3_071,92.0,0.0,0.0,1.0,1.0,14.714285714285714,16.392857142857142,14,14
FOODS_3_072,19.0,0.0,0.0,1.0,1.0,8.214285714285714,7.785714285714286,7,7
FOODS_3_073,0.0,0.0,0.0,,,0.0,0.75,0,1
FOODS_3_074,54.0,0.0,0.0,1.0,1.0,10.285714285714286,10.071428571428571,13,13
FOODS_3_075,28.0,0.0,0.0,1.0,1.0,7.285714285714286,7.0,9,10
FOODS_3_076,118.0,0.0,1.0,1.0,0.9915254237288136,18.821428571428573,19.714285714285715,14,14
FOODS_3_077,106.0,66.0,49.0,0.37735849056603776,0.5377358490566038,4.25,15.642857142857142,13,6
FOODS_3_078,14.0,2.0,0.0,0.8571428571428571,1.0,5.25,5.107142857142857,5,7
FOODS_3_079,18.0,0.0,0.0,1.0,1.0,9.321428571428571,12.714285714285714,6,5
FOODS_3_080,528.0,0.0,0.0,1.0,1.0,54.25,55.285714285714285,17,15
FOODS_3_081,16.0,0.0,0.0,1.0,1.0,4.892857142857143,5.285714285714286,10,8
FOODS_3_082,17.0,0.0,0.0,1.0,1.0,11.892857142857142,15.535714285714286,4,5
FOODS_3_083,43.0,0.0,0.0,1.0,1.0,7.857142857142857,7.571428571428571,14,12
FOODS_3_084,19.0,0.0,0.0,1.0,1.0,6.464285714285714,6.428571428571429,5,6
FOODS_3_085,19.0,0.0,0.0,1.0,1.0,8.178571428571429,8.071428571428571,6,7
FOODS_3_086,314.0,0.0,0.0,1.0,1.0,32.464285714285715,39.035714285714285,17,15
FOODS_3_087,158.0,11.0,5.0,0.930379746835443,0.9683544303797469,13.0,15.285714285714286,18,16
FOODS_3_088,27.0,0.0,1.0,1.0,0.9629629629629629,5.107142857142857,4.25,11,10
FOODS_3_089,32.0,1.0,0.0,0.96875,1.0,8.071428571428571,9.178571428571429,8,7
FOODS_3_090,1652.0,4.0,0.0,0.9975786924939467,1.0,161.53571428571428,170.14285714285714,19,16
FOODS_3_091,35.0,3.0,4.0,0.9142857142857143,0.8857142857142857,5.25,5.785714285714286,12,10
FOODS_3_092,1.0,0.0,0.0,1.0,1.0,28.035714285714285,28.035714285714285,0,0
FOODS_3_093,37.0,0.0,0.0,1.0,1.0,9.357142857142858,8.642857142857142,10,10
FOODS_3_094,28.0,0.0,0.0,1.0,1.0,7.714285714285714,7.75,8,10
FOODS_3_095,11.0,0.0,0.0,1.0,1.0,2.5714285714285716,3.357142857142857,8,8
FOODS_3_096,32.0,0.0,0.0,1.0,1.0,5.428571428571429,6.107142857142857,12,11
FOODS_3_097,197.0,1.0,15.0,0.9949238578680203,0.9238578680203046,39.785714285714285,41.42857142857143,12,11
FOODS_3_098,45.0,0.0,0.0,1.0,1.0,8.0,7.75,12,11
FOODS_3_099,410.0,0.0,0.0,1.0,1.0,50.75,59.142857142857146,17,17
FOODS_3_100,20.0,1.0,0.0,0.95,1.0,3.7857142857142856,4.321428571428571,9,10
FOODS_3_101,76.0,8.0,6.0,0.8947368421052632,0.9210526315789473,8.535714285714286,10.428571428571429,14,11
FOODS_3_102,29.0,0.0,0.0,1.0,1.0,5.357142857142857,7.357142857142857,8,8
FOODS_3_103,23.0,0.0,0.0,1.0,1.0,7.892857142857143,8.142857142857142,8,8
FOODS_3_104,38.0,0.0,0.0,1.0,1.0,11.714285714285714,10.785714285714286,9,8
FOODS_3_105,24.0,2.0,1.0,0.9166666666666666,0.9583333333333334,5.964285714285714,6.357142857142857,7,7
FOODS_3_106,194.0,0.0,0.0,1.0,1.0,23.214285714285715,23.928571428571427,13,13
FOODS_3_107,82.0,0.0,0.0,1.0,1.0,16.678571428571427,19.678571428571427,12,13
FOODS_3_108,99.0,9.0,7.0,0.9090909090909091,0.9292929292929293,20.071428571428573,20.535714285714285,10,9
FOODS_3_109,114.0,23.0,21.0,0.7982456140350878,0.8157894736842105,14.821428571428571,19.5,14,11
FOODS_3_110,16.0,0.0,0.0,1.0,1.0,7.464285714285714,7.0,5,6
FOODS_3_111,23.0,5.0,3.0,0.782608695652174,0.8695652173913043,3.1785714285714284,3.357142857142857,10,9
FOODS_3_112,62.0,0.0,0.0,1.0,1.0,15.857142857142858,15.857142857142858,11,10
FOODS_3_113,116.0,0.0,0.0,1.0,1.0,24.214285714285715,24.392857142857142,12,13
FOODS_3_114,52.0,0.0,0.0,1.0,1.0,19.464285714285715,18.821428571428573,7,9
FOODS_3_115,38.0,0.0,0.0,1.0,1.0,8.857142857142858,9.142857142857142,10,10
FOODS_3_116,57.0,0.0,0.0,1.0,1.0,24.964285714285715,25.714285714285715,8,8
FOODS_3_117,42.0,7.0,4.0,0.8333333333333334,0.9047619047619048,6.035714285714286,6.571428571428571,10,11
FOODS_3_118,52.0,0.0,0.0,1.0,1.0,17.642857142857142,17.464285714285715,8,8
FOODS_3_119,26.0,1.0,1.0,0.9615384615384616,0.9615384615384616,8.571428571428571,9.142857142857142,8,7
FOODS_3_120,1208.0,0.0,0.0,1.0,1.0,154.82142857142858,189.32142857142858,18,15
FOODS_3_121,97.0,13.0,13.0,0.865979381443299,0.865979381443299,11.464285714285714,11.678571428571429,15,14
FOODS_3_122,14.0,0.0,0.0,1.0,1.0,4.928571428571429,4.535714285714286,5,6
FOODS_3_123,47.0,11.0,12.0,0.7659574468085106,0.7446808510638298,9.428571428571429,9.392857142857142,9,8
FOODS_3_124,203.0,0.0,0.0,1.0,1.0,23.964285714285715,25.214285714285715,17,15
FOODS_3_125,150.0,37.0,19.0,0.7533333333333333,0.8733333333333333,3.8214285714285716,8.892857142857142,20,15
FOODS_3_126,30.0,1.0,2.0,0.9666666666666667,0.9333333333333333,8.678571428571429,8.285714285714286,8,9
FOODS_3_127,107.0,7.0,9.0,0.9345794392523364,0.9158878504672897,19.928571428571427,20.178571428571427,12,12
FOODS_3_128,16.0,0.0,0.0,1.0,1.0,6.25,7.535714285714286,8,7
FOODS_3_129,36.0,1.0,0.0,0.9722222222222222,1.0,6.142857142857143,7.142857142857143,13,10
FOODS_3_130,28.0,0.0,0.0,1.0,1.0,18.571428571428573,17.071428571428573,4,4
FOODS_3_131,67.0,0.0,0.0,1.0,1.0,15.678571428571429,16.857142857142858,13,10
FOODS_3_132,27.0,0.0,0.0,1.0,1.0,8.142857142857142,8.464285714285714,7,9
FOODS_3_133,170.0,0.0,0.0,1.0,1.0,38.107142857142854,36.142857142857146,13,14
FOODS_3_134,90.0,0.0,0.0,1.0,1.0,13.857142857142858,14.607142857142858,14,15
FOODS_3_135,161.0,0.0,1.0,1.0,0.9937888198757764,18.142857142857142,18.392857142857142,18,17
FOODS_3_136,116.0,0.0,0.0,1.0,1.0,17.678571428571427,16.821428571428573,15,15
FOODS_3_137,26.0,9.0,8.0,0.6538461538461539,0.6923076923076923,4.964285714285714,5.178571428571429,11,9
FOODS_3_138,43.0,0.0,0.0,1.0,1.0,9.214285714285714,9.785714285714286,9,10
FOODS_3_139,86.0,0.0,0.0,1.0,1.0,16.678571428571427,17.214285714285715,15,15
FOODS_3_140,60.0,0.0,0.0,1.0,1.0,12.285714285714286,13.857142857142858,13,11
FOODS_3_141,21.0,5.0,5.0,0.7619047619047619,0.7619047619047619,3.9642857142857144,4.535714285714286,10,7
FOODS_3_142,69.0,0.0,0.0,1.0,1.0,21.321428571428573,20.678571428571427,9,10
FOODS_3_143,28.0,2.0,3.0,0.9285714285714286,0.8928571428571429,4.607142857142857,4.607142857142857,10,9
FOODS_3_144,44.0,0.0,0.0,1.0,1.0,6.5,6.928571428571429,13,11
FOODS_3_145,10.0,0.0,0.0,1.0,1.0,3.9285714285714284,4.142857142857143,6,6
FOODS_3_146,27.0,0.0,0.0,1.0,1.0,13.642857142857142,13.5,6,7
FOODS_3_147,44.0,0.0,0.0,1.0,1.0,40.214285714285715,42.25,4,6
FOODS_3_148,167.0,0.0,0.0,1.0,1.0,33.82142857142857,34.92857142857143,13,11
FOODS_3_149,17.0,0.0,0.0,1.0,1.0,2.6785714285714284,2.392857142857143,10,9
FOODS_3_150,125.0,0.0,0.0,1.0,1.0,31.0,30.214285714285715,12,12
FOODS_3_151,43.0,0.0,0.0,1.0,1.0,11.035714285714286,13.428571428571429,12,10
FOODS_3_152,12.0,11.0,10.0,0.08333333333333333,0.16666666666666666,0.6785714285714286,1.6785714285714286,3,3
FOODS_3_153,11.0,11.0,10.0,0.0,0.09090909090909091,5.25,9.928571428571429,2,3
FOODS_3_154,52.0,17.0,14.0,0.6730769230769231,0.7307692307692307,1.8571428571428572,2.642857142857143,18,14
FOODS_3_155,19.0,0.0,0.0,1.0,1.0,11.678571428571429,12.535714285714286,6,5
FOODS_3_156,95.0,0.0,0.0,1.0,1.0,22.964285714285715,25.607142857142858,13,11
FOODS_3_157,49.0,1.0,2.0,0.9795918367346939,0.9591836734693877,6.857142857142857,6.285714285714286,12,11
FOODS_3_158,26.0,2.0,2.0,0.9230769230769231,0.9230769230769231,4.821428571428571,4.178571428571429,10,10
FOODS_3_159,31.0,6.0,4.0,0.8064516129032258,0.8709677419354839,2.892857142857143,3.2857142857142856,13,11
FOODS_3_160,41.0,0.0,0.0,1.0,1.0,13.821428571428571,12.928571428571429,6,7
FOODS_3_161,15.0,0.0,0.0,1.0,1.0,4.642857142857143,4.964285714285714,7,5
FOODS_3_162,22.0,2.0,0.0,0.9090909090909091,1.0,5.821428571428571,7.285714285714286,8,11
FOODS_3_163,138.0,0.0,0.0,1.0,1.0,27.214285714285715,25.5,14,14
FOODS_3_164,17.0,0.0,0.0,1.0,1.0,13.464285714285714,12.285714285714286,3,4
FOODS_3_165,5.0,0.0,0.0,1.0,1.0,2.7857142857142856,2.607142857142857,3,4
FOODS_3_166,12.0,0.0,0.0,1.0,1.0,14.642857142857142,15.428571428571429,3,5
FOODS_3_167,86.0,0.0,0.0,1.0,1.0,21.357142857142858,21.464285714285715,11,9
FOODS_3_168,28.0,0.0,0.0,1.0,1.0,9.714285714285714,8.857142857142858,5,6
FOODS_3_169,89.0,0.0,0.0,1.0,1.0,18.142857142857142,17.571428571428573,12,13
FOODS_3_170,18.0,0.0,0.0,1.0,1.0,6.821428571428571,7.464285714285714,5,6
FOODS_3_171,4.0,1.0,1.0,0.75,0.75,2.2142857142857144,2.7857142857142856,2,3
FOODS_3_172,60.0,0.0,0.0,1.0,1.0,10.678571428571429,10.535714285714286,13,13
FOODS_3_173,11.0,0.0,0.0,1.0,1.0,0.9285714285714286,2.0714285714285716,8,9
FOODS_3_174,24.0,0.0,0.0,1.0,1.0,9.142857142857142,8.142857142857142,6,6
FOODS_3_175,40.0,0.0,0.0,1.0,1.0,11.964285714285714,11.464285714285714,8,8
FOODS_3_176,10.0,7.0,4.0,0.3,0.6,1.75,4.607142857142857,5,5
FOODS_3_177,29.0,0.0,0.0,1.0,1.0,11.142857142857142,10.035714285714286,6,7
FOODS_3_178,34.0,1.0,1.0,0.9705882352941176,0.9705882352941176,4.571428571428571,4.857142857142857,13,11
FOODS_3_179,21.0,0.0,1.0,1.0,0.9523809523809523,7.892857142857143,7.178571428571429,6,6
FOODS_3_180,13.0,2.0,1.0,0.8461538461538461,0.9230769230769231,3.5,3.2857142857142856,7,8
FOODS_3_181,74.0,1.0,3.0,0.9864864864864865,0.9594594594594594,11.214285714285714,10.964285714285714,13,13
FOODS_3_182,27.0,0.0,0.0,1.0,1.0,11.714285714285714,12.535714285714286,8,7
FOODS_3_183,152.0,7.0,13.0,0.9539473684210527,0.9144736842105263,10.964285714285714,11.571428571428571,19,16
FOODS_3_184,76.0,0.0,0.0,1.0,1.0,20.571428571428573,20.571428571428573,11,9
FOODS_3_185,48.0,0.0,0.0,1.0,1.0,10.535714285714286,11.107142857142858,9,10
FOODS_3_186,15.0,0.0,0.0,1.0,1.0,4.678571428571429,6.25,8,8
FOODS_3_187,39.0,0.0,0.0,1.0,1.0,9.428571428571429,8.857142857142858,12,10
FOODS_3_188,12.0,8.0,5.0,0.3333333333333333,0.5833333333333334,1.7142857142857142,3.5357142857142856,5,6
FOODS_3_189,37.0,0.0,0.0,1.0,1.0,7.928571428571429,9.035714285714286,10,12
FOODS_3_190,72.0,3.0,1.0,0.9583333333333334,0.9861111111111112,13.142857142857142,13.357142857142858,12,10
FOODS_3_191,21.0,3.0,3.0,0.8571428571428571,0.8571428571428571,6.285714285714286,8.285714285714286,7,5
FOODS_3_192,73.0,0.0,0.0,1.0,1.0,14.285714285714286,16.035714285714285,11,12
FOODS_3_193,13.0,0.0,0.0,1.0,1.0,7.535714285714286,7.321428571428571,4,5
FOODS_3_194,62.0,0.0,0.0,1.0,1.0,11.785714285714286,11.678571428571429,12,10
FOODS_3_195,31.0,4.0,4.0,0.8709677419354839,0.8709677419354839,5.178571428571429,7.464285714285714,10,9
FOODS_3_196,19.0,1.0,0.0,0.9473684210526315,1.0,5.0,4.928571428571429,8,10
FOODS_3_197,23.0,0.0,0.0,1.0,1.0,7.392857142857143,8.464285714285714,6,7
FOODS_3_198,10.0,0.0,0.0,1.0,1.0,3.107142857142857,4.607142857142857,7,7
FOODS_3_199,34.0,4.0,3.0,0.8823529411764706,0.9117647058823529,4.678571428571429,5.107142857142857,12,14
FOODS_3_200,44.0,5.0,2.0,0.8863636363636364,0.9545454545454546,7.75,9.071428571428571,12,9
FOODS_3_201,60.0,10.0,7.0,0.8333333333333334,0.8833333333333333,11.25,12.535714285714286,11,12
FOODS_3_202,446.0,0.0,0.0,1.0,1.0,54.857142857142854,54.964285714285715,16,15
FOODS_3_203,110.0,0.0,0.0,1.0,1.0,19.607142857142858,18.321428571428573,12,13
FOODS_3_204,19.0,0.0,0.0,1.0,1.0,4.321428571428571,4.571428571428571,8,7
FOODS_3_205,28.0,18.0,17.0,0.35714285714285715,0.39285714285714285,1.3214285714285714,6.107142857142857,11,7
FOODS_3_206,67.0,0.0,0.0,1.0,1.0,10.571428571428571,10.892857142857142,14,13
FOODS_3_207,46.0,0.0,0.0,1.0,1.0,11.607142857142858,12.035714285714286,10,9
FOODS_3_208,97.0,13.0,14.0,0.865979381443299,0.8556701030927835,8.821428571428571,10.428571428571429,18,15
FOODS_3_209,25.0,1.0,2.0,0.96,0.92,5.714285714285714,5.321428571428571,9,11
FOODS_3_210,6.0,6.0,5.0,0.0,0.16666666666666666,0.8571428571428571,1.6428571428571428,1,2
FOODS_3_211,37.0,0.0,0.0,1.0,1.0,13.25,13.392857142857142,7,6
FOODS_3_212,24.0,0.0,0.0,1.0,1.0,9.678571428571429,9.785714285714286,7,7
FOODS_3_213,16.0,0.0,0.0,1.0,1.0,5.5,5.678571428571429,11,8
FOODS_3_214,69.0,14.0,4.0,0.7971014492753623,0.9420289855072463,12.214285714285714,14.714285714285714,11,9
FOODS_3_215,45.0,0.0,0.0,1.0,1.0,14.0,14.142857142857142,9,10
FOODS_3_216,33.0,1.0,2.0,0.9696969696969697,0.9393939393939394,5.142857142857143,5.75,13,12
FOODS_3_217,109.0,2.0,0.0,0.981651376146789,1.0,11.25,12.928571428571429,16,16
FOODS_3_218,18.0,0.0,0.0,1.0,1.0,5.892857142857143,6.535714285714286,7,6
FOODS_3_219,216.0,0.0,0.0,1.0,1.0,48.285714285714285,47.714285714285715,12,12
FOODS_3_220,9.0,0.0,0.0,1.0,1.0,2.1785714285714284,2.1785714285714284,5,5
FOODS_3_221,34.0,0.0,0.0,1.0,1.0,8.178571428571429,8.107142857142858,12,11
FOODS_3_222,44.0,3.0,3.0,0.9318181818181818,0.9318181818181818,10.071428571428571,10.5,11,10
FOODS_3_223,32.0,2.0,3.0,0.9375,0.90625,5.035714285714286,4.285714285714286,11,10
FOODS_3_224,51.0,10.0,2.0,0.803921568627451,0.9607843137254902,8.857142857142858,11.035714285714286,10,11
FOODS_3_225,19.0,0.0,0.0,1.0,1.0,10.75,11.178571428571429,4,5
FOODS_3_226,129.0,0.0,0.0,1.0,1.0,28.428571428571427,28.107142857142858,12,11
FOODS_3_227,205.0,22.0,18.0,0.8926829268292683,0.9121951219512195,20.0,22.5,16,16
FOODS_3_228,207.0,2.0,1.0,0.9903381642512077,0.9951690821256038,18.214285714285715,19.321428571428573,18,17
FOODS_3_229,11.0,0.0,0.0,1.0,1.0,6.25,6.964285714285714,8,8
FOODS_3_230,106.0,0.0,0.0,1.0,1.0,27.178571428571427,26.357142857142858,12,13
FOODS_3_231,129.0,9.0,9.0,0.9302325581395349,0.9302325581395349,10.785714285714286,13.714285714285714,20,16
FOODS_3_232,102.0,0.0,0.0,1.0,1.0,15.464285714285714,14.392857142857142,13,15
FOODS_3_233,325.0,62.0,54.0,0.8092307692307692,0.8338461538461538,21.357142857142858,27.0,19,17
FOODS_3_234,197.0,0.0,0.0,1.0,1.0,44.857142857142854,63.857142857142854,11,9
FOODS_3_235,13.0,0.0,0.0,1.0,1.0,14.25,14.75,2,2
FOODS_3_236,88.0,7.0,6.0,0.9204545454545454,0.9318181818181818,10.464285714285714,11.464285714285714,17,14
FOODS_3_237,32.0,0.0,0.0,1.0,1.0,5.035714285714286,6.714285714285714,13,12
FOODS_3_238,101.0,0.0,2.0,1.0,0.9801980198019802,14.678571428571429,14.178571428571429,13,12
FOODS_3_239,31.0,3.0,2.0,0.9032258064516129,0.9354838709677419,6.357142857142857,6.75,10,9
FOODS_3_240,20.0,2.0,2.0,0.9,0.9,5.892857142857143,5.821428571428571,5,6
FOODS_3_241,115.0,0.0,0.0,1.0,1.0,26.75,23.607142857142858,13,12
FOODS_3_242,21.0,0.0,0.0,1.0,1.0,8.892857142857142,8.964285714285714,7,7
FOODS_3_243,17.0,0.0,0.0,1.0,1.0,5.071428571428571,5.035714285714286,8,8
FOODS_3_244,13.0,0.0,0.0,1.0,1.0,4.785714285714286,4.75,6,6
FOODS_3_245,120.0,0.0,0.0,1.0,1.0,24.25,22.821428571428573,13,12
FOODS_3_246,52.0,9.0,8.0,0.8269230769230769,0.8461538461538461,7.178571428571429,7.142857142857143,14,13
FOODS_3_247,33.0,3.0,4.0,0.9090909090909091,0.8787878787878788,6.75,6.678571428571429,11,10
FOODS_3_248,34.0,6.0,4.0,0.8235294117647058,0.8823529411764706,6.75,7.964285714285714,10,12
FOODS_3_249,107.0,0.0,0.0,1.0,1.0,21.107142857142858,19.071428571428573,13,14
FOODS_3_250,39.0,0.0,0.0,1.0,1.0,11.785714285714286,12.035714285714286,9,9
FOODS_3_251,47.0,0.0,0.0,1.0,1.0,11.75,10.821428571428571,9,9
FOODS_3_252,1084.0,0.0,0.0,1.0,1.0,112.5,123.46428571428571,18,17
FOODS_3_253,23.0,0.0,0.0,1.0,1.0,12.25,12.428571428571429,5,6
FOODS_3_254,23.0,0.0,0.0,1.0,1.0,9.035714285714286,8.5,8,6
FOODS_3_255,8.0,0.0,0.0,1.0,1.0,2.2142857142857144,2.9285714285714284,7,7
FOODS_3_256,3.0,0.0,0.0,1.0,1.0,2.607142857142857,2.607142857142857,2,3
FOODS_3_257,71.0,0.0,0.0,1.0,1.0,13.0,13.607142857142858,13,13
FOODS_3_258,102.0,0.0,0.0,1.0,1.0,19.035714285714285,20.392857142857142,14,14
FOODS_3_259,113.0,4.0,0.0,0.9646017699115044,1.0,11.107142857142858,12.571428571428571,16,13
FOODS_3_260,41.0,8.0,9.0,0.8048780487804879,0.7804878048780488,9.5,8.928571428571429,9,8
FOODS_3_261,15.0,0.0,1.0,1.0,0.9333333333333333,6.428571428571429,6.25,7,6
FOODS_3_262,37.0,0.0,1.0,1.0,0.972972972972973,5.5,5.142857142857143,12,10
FOODS_3_263,242.0,21.0,17.0,0.9132231404958677,0.9297520661157025,19.714285714285715,21.857142857142858,17,16
FOODS_3_264,6.0,0.0,0.0,1.0,1.0,11.535714285714286,10.178571428571429,2,1
FOODS_3_265,32.0,2.0,1.0,0.9375,0.96875,7.071428571428571,7.785714285714286,10,10
FOODS_3_266,14.0,2.0,2.0,0.8571428571428571,0.8571428571428571,3.1785714285714284,3.607142857142857,7,6
FOODS_3_267,39.0,0.0,0.0,1.0,1.0,15.25,15.392857142857142,7,7
FOODS_3_268,7.0,4.0,3.0,0.42857142857142855,0.5714285714285714,1.3214285714285714,2.1785714285714284,5,5
FOODS_3_269,32.0,0.0,0.0,1.0,1.0,13.178571428571429,12.678571428571429,7,8
FOODS_3_270,37.0,3.0,1.0,0.918918918918919,0.972972972972973,5.75,5.392857142857143,10,11
FOODS_3_271,0.0,0.0,0.0,,,0.0,0.75,0,1
FOODS_3_272,5.0,0.0,0.0,1.0,1.0,8.892857142857142,9.321428571428571,1,2
FOODS_3_273,125.0,10.0,5.0,0.92,0.96,19.464285714285715,19.785714285714285,14,16
FOODS_3_274,95.0,0.0,0.0,1.0,1.0,22.857142857142858,24.75,10,10
FOODS_3_275,38.0,5.0,3.0,0.868421052631579,0.9210526315789473,8.535714285714286,8.642857142857142,8,10
FOODS_3_276,0.0,0.0,0.0,,,0.0,0.75,0,1
FOODS_3_277,102.0,0.0,0.0,1.0,1.0,21.607142857142858,20.392857142857142,13,13
FOODS_3_278,31.0,1.0,0.0,0.967741935483871,1.0,14.214285714285714,14.035714285714286,6,7
FOODS_3_279,41.0,0.0,0.0,1.0,1.0,5.678571428571429,5.642857142857143,14,15
FOODS_3_280,11.0,3.0,1.0,0.7272727272727273,0.9090909090909091,3.5,3.642857142857143,2,5
FOODS_3_281,300.0,6.0,0.0,0.98,1.0,24.571428571428573,29.357142857142858,19,16
FOODS_3_282,619.0,0.0,0.0,1.0,1.0,91.0,107.5,16,15
FOODS_3_283,46.0,3.0,3.0,0.9347826086956522,0.9347826086956522,8.428571428571429,8.321428571428571,12,12
FOODS_3_284,10.0,0.0,0.0,1.0,1.0,4.964285714285714,4.142857142857143,6,7
FOODS_3_285,97.0,17.0,10.0,0.8247422680412371,0.8969072164948454,14.464285714285714,19.035714285714285,11,10
FOODS_3_286,25.0,2.0,1.0,0.92,0.96,1.8214285714285714,3.0357142857142856,13,13
FOODS_3_287,10.0,0.0,0.0,1.0,1.0,6.214285714285714,6.214285714285714,4,4
FOODS_3_288,357.0,0.0,0.0,1.0,1.0,68.17857142857143,60.357142857142854,14,13
FOODS_3_289,38.0,0.0,0.0,1.0,1.0,9.571428571428571,9.035714285714286,13,10
FOODS_3_290,12.0,0.0,0.0,1.0,1.0,7.75,10.571428571428571,3,4
FOODS_3_291,101.0,0.0,3.0,1.0,0.9702970297029703,13.714285714285714,13.5,16,14
FOODS_3_292,149.0,0.0,0.0,1.0,1.0,30.25,27.142857142857142,13,14
FOODS_3_293,14.0,6.0,4.0,0.5714285714285714,0.7142857142857143,1.0357142857142858,2.642857142857143,9,7
FOODS_3_294,19.0,1.0,0.0,0.9473684210526315,1.0,9.142857142857142,11.357142857142858,2,4
FOODS_3_295,612.0,15.0,14.0,0.9754901960784313,0.9771241830065359,90.57142857142857,90.92857142857143,14,11
FOODS_3_296,14.0,7.0,4.0,0.5,0.7142857142857143,4.035714285714286,4.571428571428571,6,8
FOODS_3_297,30.0,0.0,0.0,1.0,1.0,12.0,10.75,7,7
FOODS_3_298,25.0,2.0,2.0,0.92,0.92,6.464285714285714,5.928571428571429,8,8
FOODS_3_299,107.0,7.0,7.0,0.9345794392523364,0.9345794392523364,8.178571428571429,12.607142857142858,17,13
FOODS_3_300,99.0,0.0,0.0,1.0,1.0,24.25,22.821428571428573,14,13
FOODS_3_301,30.0,1.0,0.0,0.9666666666666667,1.0,5.5,6.928571428571429,11,11
FOODS_3_302,164.0,0.0,0.0,1.0,1.0,37.857142857142854,35.357142857142854,12,10
FOODS_3_303,14.0,0.0,0.0,1.0,1.0,11.285714285714286,10.607142857142858,2,2
FOODS_3_304,66.0,4.0,1.0,0.9393939393939394,0.9848484848484849,8.357142857142858,8.321428571428571,13,14
FOODS_3_305,71.0,5.0,0.0,0.9295774647887324,1.0,10.464285714285714,13.392857142857142,13,13
FOODS_3_306,91.0,2.0,1.0,0.978021978021978,0.989010989010989,16.321428571428573,15.75,12,13
FOODS_3_307,130.0,0.0,0.0,1.0,1.0,21.357142857142858,20.928571428571427,13,13
FOODS_3_308,26.0,1.0,0.0,0.9615384615384616,1.0,6.428571428571429,7.821428571428571,9,10
FOODS_3_309,21.0,9.0,5.0,0.5714285714285714,0.7619047619047619,3.8214285714285716,4.285714285714286,7,6
FOODS_3_310,45.0,0.0,0.0,1.0,1.0,9.285714285714286,10.035714285714286,11,9
FOODS_3_311,49.0,0.0,0.0,1.0,1.0,13.75,13.357142857142858,11,10
FOODS_3_312,35.0,0.0,0.0,1.0,1.0,8.821428571428571,9.678571428571429,10,10
FOODS_3_313,144.0,2.0,0.0,0.9861111111111112,1.0,19.25,19.821428571428573,16,16
FOODS_3_314,47.0,0.0,0.0,1.0,1.0,8.964285714285714,7.035714285714286,13,12
FOODS_3_315,28.0,3.0,1.0,0.8928571428571429,0.9642857142857143,6.357142857142857,7.071428571428571,8,9
FOODS_3_316,51.0,2.0,3.0,0.9607843137254902,0.9411764705882353,7.857142857142857,7.857142857142857,13,13
FOODS_3_317,188.0,0.0,0.0,1.0,1.0,19.964285714285715,20.464285714285715,19,16
FOODS_3_318,351.0,2.0,0.0,0.9943019943019943,1.0,35.785714285714285,41.892857142857146,17,15
FOODS_3_319,0.0,0.0,0.0,,,26.0,26.0,0,0
FOODS_3_320,38.0,0.0,0.0,1.0,1.0,11.678571428571429,13.321428571428571,6,6
FOODS_3_321,142.0,1.0,0.0,0.9929577464788732,1.0,16.785714285714285,16.892857142857142,15,16
FOODS_3_322,66.0,0.0,0.0,1.0,1.0,17.5,17.607142857142858,10,11
FOODS_3_323,11.0,0.0,0.0,1.0,1.0,8.392857142857142,8.535714285714286,3,4
FOODS_3_324,383.0,64.0,43.0,0.8328981723237598,0.8877284595300261,13.142857142857142,23.821428571428573,22,15
FOODS_3_325,48.0,0.0,0.0,1.0,1.0,15.607142857142858,15.178571428571429,9,8
FOODS_3_326,59.0,0.0,0.0,1.0,1.0,15.892857142857142,19.964285714285715,8,6
FOODS_3_327,79.0,2.0,0.0,0.9746835443037974,1.0,11.857142857142858,16.714285714285715,14,11
FOODS_3_328,14.0,0.0,0.0,1.0,1.0,3.107142857142857,3.642857142857143,7,5
FOODS_3_329,478.0,36.0,21.0,0.9246861924686193,0.9560669456066946,40.25,48.57142857142857,21,16
FOODS_3_330,141.0,0.0,0.0,1.0,1.0,22.285714285714285,21.357142857142858,14,14
FOODS_3_331,35.0,13.0,7.0,0.6285714285714286,0.8,4.392857142857143,5.607142857142857,9,10
FOODS_3_332,25.0,0.0,0.0,1.0,1.0,17.071428571428573,17.071428571428573,4,4
FOODS_3_333,44.0,0.0,0.0,1.0,1.0,14.678571428571429,13.821428571428571,9,9
FOODS_3_334,73.0,0.0,0.0,1.0,1.0,20.5,19.892857142857142,10,9
FOODS_3_335,58.0,0.0,0.0,1.0,1.0,10.607142857142858,9.857142857142858,12,10
FOODS_3_336,45.0,0.0,0.0,1.0,1.0,12.0,13.321428571428571,8,9
FOODS_3_337,15.0,0.0,0.0,1.0,1.0,6.464285714285714,5.642857142857143,6,8
FOODS_3_338,15.0,0.0,1.0,1.0,0.9333333333333333,5.892857142857143,4.071428571428571,6,5
FOODS_3_339,157.0,0.0,0.0,1.0,1.0,48.42857142857143,45.892857142857146,10,8
FOODS_3_340,16.0,0.0,0.0,1.0,1.0,6.214285714285714,6.214285714285714,6,6
FOODS_3_341,13.0,0.0,0.0,1.0,1.0,7.464285714285714,7.035714285714286,5,6
FOODS_3_342,115.0,0.0,0.0,1.0,1.0,25.428571428571427,25.964285714285715,15,13
FOODS_3_343,1.0,0.0,0.0,1.0,1.0,9.0,9.0,0,0
FOODS_3_344,152.0,0.0,0.0,1.0,1.0,22.857142857142858,21.142857142857142,16,16
FOODS_3_345,1.0,0.0,0.0,1.0,1.0,4.964285714285714,4.964285714285714,0,1
FOODS_3_346,98.0,0.0,0.0,1.0,1.0,24.714285714285715,23.714285714285715,15,14
FOODS_3_347,24.0,2.0,2.0,0.9166666666666666,0.9166666666666666,7.321428571428571,7.321428571428571,6,6
FOODS_3_348,171.0,0.0,0.0,1.0,1.0,35.17857142857143,35.714285714285715,13,12
FOODS_3_349,289.0,3.0,0.0,0.9896193771626297,1.0,27.428571428571427,27.107142857142858,17,17
FOODS_3_350,8.0,0.0,0.0,1.0,1.0,10.714285714285714,10.214285714285714,2,2
FOODS_3_351,262.0,0.0,0.0,1.0,1.0,31.0,36.17857142857143,15,15
FOODS_3_352,28.0,2.0,0.0,0.9285714285714286,1.0,6.285714285714286,6.892857142857143,9,10
FOODS_3_353,10.0,0.0,0.0,1.0,1.0,6.607142857142857,6.678571428571429,4,3
FOODS_3_354,12.0,0.0,0.0,1.0,1.0,11.535714285714286,12.392857142857142,2,3
FOODS_3_355,85.0,0.0,0.0,1.0,1.0,19.892857142857142,23.25,14,12
FOODS_3_356,46.0,0.0,0.0,1.0,1.0,8.071428571428571,9.5,12,12
FOODS_3_357,24.0,0.0,0.0,1.0,1.0,5.071428571428571,5.678571428571429,10,8
FOODS_3_358,14.0,0.0,0.0,1.0,1.0,3.7142857142857144,4.392857142857143,8,7
FOODS_3_359,10.0,0.0,0.0,1.0,1.0,7.178571428571429,6.607142857142857,3,2
FOODS_3_360,6.0,1.0,0.0,0.8333333333333334,1.0,2.607142857142857,2.857142857142857,4,5
FOODS_3_361,28.0,0.0,0.0,1.0,1.0,7.821428571428571,8.357142857142858,6,7
FOODS_3_362,183.0,0.0,0.0,1.0,1.0,133.64285714285714,140.07142857142858,4,5
FOODS_3_363,218.0,38.0,36.0,0.8256880733944955,0.8348623853211009,38.5,38.32142857142857,12,12
FOODS_3_364,12.0,9.0,8.0,0.25,0.3333333333333333,0.6071428571428571,1.5,5,5
FOODS_3_365,22.0,0.0,0.0,1.0,1.0,10.285714285714286,9.821428571428571,6,6
FOODS_3_366,22.0,7.0,3.0,0.6818181818181818,0.8636363636363636,10.071428571428571,11.214285714285714,4,7
FOODS_3_367,51.0,0.0,0.0,1.0,1.0,18.678571428571427,18.142857142857142,8,6
FOODS_3_368,19.0,0.0,0.0,1.0,1.0,10.571428571428571,11.964285714285714,6,6
FOODS_3_369,46.0,6.0,5.0,0.8695652173913043,0.8913043478260869,10.75,11.071428571428571,10,9
FOODS_3_370,0.0,0.0,0.0,,,15.0,18.0,0,1
FOODS_3_371,14.0,0.0,0.0,1.0,1.0,9.142857142857142,8.071428571428571,4,3
FOODS_3_372,114.0,0.0,0.0,1.0,1.0,19.785714285714285,19.428571428571427,14,15
FOODS_3_373,28.0,0.0,0.0,1.0,1.0,9.571428571428571,10.392857142857142,10,10
FOODS_3_374,31.0,17.0,12.0,0.45161290322580644,0.6129032258064516,0.35714285714285715,1.5,12,7
FOODS_3_375,1.0,0.0,0.0,1.0,1.0,6.964285714285714,6.964285714285714,0,0
FOODS_3_376,191.0,25.0,27.0,0.8691099476439791,0.8586387434554974,23.892857142857142,30.5,14,11
FOODS_3_377,239.0,0.0,0.0,1.0,1.0,25.321428571428573,27.142857142857142,16,17
FOODS_3_378,49.0,1.0,0.0,0.9795918367346939,1.0,6.857142857142857,7.642857142857143,11,12
FOODS_3_379,40.0,3.0,4.0,0.925,0.9,14.821428571428571,12.75,5,7
FOODS_3_380,0.0,0.0,0.0,,,4.0,4.0,0,0
FOODS_3_381,67.0,32.0,22.0,0.5223880597014925,0.6716417910447762,2.3214285714285716,3.6785714285714284,15,11
FOODS_3_382,47.0,2.0,1.0,0.9574468085106383,0.9787234042553191,4.821428571428571,5.928571428571429,12,12
FOODS_3_383,111.0,0.0,0.0,1.0,1.0,13.107142857142858,13.928571428571429,14,15
FOODS_3_384,19.0,0.0,0.0,1.0,1.0,6.892857142857143,6.857142857142857,8,7
FOODS_3_385,41.0,8.0,5.0,0.8048780487804879,0.8780487804878049,2.1785714285714284,3.607142857142857,15,14
FOODS_3_386,52.0,0.0,0.0,1.0,1.0,10.178571428571429,9.821428571428571,13,11
FOODS_3_387,55.0,0.0,0.0,1.0,1.0,16.821428571428573,16.678571428571427,11,10
FOODS_3_388,35.0,0.0,0.0,1.0,1.0,9.464285714285714,9.642857142857142,9,7
FOODS_3_389,232.0,0.0,0.0,1.0,1.0,26.214285714285715,27.5,20,17
FOODS_3_390,46.0,0.0,0.0,1.0,1.0,6.535714285714286,6.071428571428571,15,13
FOODS_3_391,41.0,0.0,0.0,1.0,1.0,12.321428571428571,11.571428571428571,9,9
FOODS_3_392,51.0,10.0,7.0,0.803921568627451,0.8627450980392157,5.0,5.321428571428571,12,13
FOODS_3_393,214.0,0.0,0.0,1.0,1.0,41.214285714285715,37.357142857142854,14,14
FOODS_3_394,22.0,7.0,7.0,0.6818181818181818,0.6818181818181818,4.892857142857143,5.392857142857143,7,6
FOODS_3_395,17.0,0.0,0.0,1.0,1.0,6.357142857142857,5.928571428571429,5,6
FOODS_3_396,11.0,0.0,0.0,1.0,1.0,4.857142857142857,5.464285714285714,5,6
FOODS_3_397,5.0,0.0,0.0,1.0,1.0,7.0,7.107142857142857,1,2
FOODS_3_398,19.0,0.0,0.0,1.0,1.0,9.392857142857142,9.357142857142858,5,5
FOODS_3_399,175.0,0.0,0.0,1.0,1.0,48.642857142857146,42.964285714285715,11,12
FOODS_3_400,83.0,5.0,0.0,0.9397590361445783,1.0,9.642857142857142,10.964285714285714,15,15
FOODS_3_401,22.0,0.0,0.0,1.0,1.0,8.464285714285714,8.535714285714286,7,8
FOODS_3_402,20.0,2.0,0.0,0.9,1.0,3.5714285714285716,4.071428571428571,9,8
FOODS_3_403,125.0,15.0,9.0,0.88,0.928,7.285714285714286,20.75,20,11
FOODS_3_404,0.0,0.0,0.0,,,21.0,21.0,0,0
FOODS_3_405,72.0,0.0,0.0,1.0,1.0,10.0,9.821428571428571,15,15
FOODS_3_406,392.0,40.0,46.0,0.8979591836734694,0.8826530612244898,67.03571428571429,67.39285714285714,13,11
FOODS_3_407,97.0,0.0,0.0,1.0,1.0,15.428571428571429,15.714285714285714,14,16
FOODS_3_408,14.0,0.0,0.0,1.0,1.0,5.964285714285714,6.285714285714286,8,7
FOODS_3_409,33.0,0.0,0.0,1.0,1.0,10.071428571428571,8.964285714285714,10,10
FOODS_3_410,72.0,1.0,0.0,0.9861111111111112,1.0,11.821428571428571,11.678571428571429,11,12
FOODS_3_411,33.0,0.0,0.0,1.0,1.0,9.535714285714286,9.892857142857142,10,9
FOODS_3_412,78.0,12.0,0.0,0.8461538461538461,1.0,32.32142857142857,37.607142857142854,4,4
FOODS_3_413,84.0,4.0,3.0,0.9523809523809523,0.9642857142857143,15.75,18.428571428571427,12,13
FOODS_3_414,6.0,0.0,0.0,1.0,1.0,5.392857142857143,5.392857142857143,1,2
FOODS_3_415,55.0,11.0,11.0,0.8,0.8,4.964285714285714,5.25,13,13
FOODS_3_416,8.0,3.0,1.0,0.625,0.875,2.642857142857143,4.25,3,5
FOODS_3_417,38.0,0.0,0.0,1.0,1.0,8.642857142857142,8.0,10,11
FOODS_3_418,84.0,4.0,1.0,0.9523809523809523,0.9880952380952381,8.5,8.964285714285714,17,16
FOODS_3_419,38.0,21.0,13.0,0.4473684210526316,0.6578947368421053,0.7857142857142857,2.392857142857143,11,9
FOODS_3_420,12.0,0.0,0.0,1.0,1.0,5.892857142857143,6.357142857142857,4,6
FOODS_3_421,23.0,10.0,8.0,0.5652173913043478,0.6521739130434783,2.2142857142857144,3.8214285714285716,11,10
FOODS_3_422,33.0,0.0,0.0,1.0,1.0,10.035714285714286,10.142857142857142,8,9
FOODS_3_423,113.0,4.0,4.0,0.9646017699115044,0.9646017699115044,13.428571428571429,14.714285714285714,15,15
FOODS_3_424,39.0,0.0,0.0,1.0,1.0,12.5,12.392857142857142,9,10
FOODS_3_425,31.0,3.0,3.0,0.9032258064516129,0.9032258064516129,4.75,4.892857142857143,9,11
FOODS_3_426,24.0,7.0,6.0,0.7083333333333334,0.75,5.071428571428571,5.5,8,8
FOODS_3_427,12.0,8.0,6.0,0.3333333333333333,0.5,0.39285714285714285,1.4642857142857142,6,6
FOODS_3_428,32.0,0.0,0.0,1.0,1.0,11.107142857142858,11.678571428571429,8,9
FOODS_3_429,55.0,0.0,0.0,1.0,1.0,10.857142857142858,9.892857142857142,11,12
FOODS_3_430,14.0,0.0,0.0,1.0,1.0,8.892857142857142,8.928571428571429,7,5
FOODS_3_431,73.0,2.0,2.0,0.9726027397260274,0.9726027397260274,7.142857142857143,8.035714285714286,14,13
FOODS_3_432,14.0,0.0,0.0,1.0,1.0,5.821428571428571,6.392857142857143,7,7
FOODS_3_433,54.0,0.0,0.0,1.0,1.0,11.321428571428571,11.107142857142858,12,12
FOODS_3_434,75.0,1.0,1.0,0.9866666666666667,0.9866666666666667,12.285714285714286,12.392857142857142,13,10
FOODS_3_435,67.0,2.0,2.0,0.9701492537313433,0.9701492537313433,11.178571428571429,12.535714285714286,11,11
FOODS_3_436,13.0,0.0,0.0,1.0,1.0,7.571428571428571,7.392857142857143,5,4
FOODS_3_437,25.0,0.0,0.0,1.0,1.0,7.964285714285714,8.178571428571429,8,9
FOODS_3_438,53.0,21.0,16.0,0.6037735849056604,0.6981132075471698,4.714285714285714,7.285714285714286,11,12
FOODS_3_439,97.0,0.0,0.0,1.0,1.0,25.642857142857142,23.892857142857142,11,13
FOODS_3_440,24.0,0.0,0.0,1.0,1.0,6.535714285714286,5.928571428571429,8,6
FOODS_3_441,0.0,0.0,0.0,,,0.0,0.75,0,1
FOODS_3_442,7.0,0.0,0.0,1.0,1.0,4.642857142857143,5.392857142857143,5,6
FOODS_3_443,11.0,7.0,5.0,0.36363636363636365,0.5454545454545454,1.3571428571428572,1.5,6,6
FOODS_3_444,414.0,220.0,168.0,0.46859903381642515,0.5942028985507246,3.3214285714285716,31.607142857142858,18,11
FOODS_3_445,18.0,0.0,0.0,1.0,1.0,10.321428571428571,10.0,4,5
FOODS_3_446,91.0,0.0,0.0,1.0,1.0,15.321428571428571,18.571428571428573,12,11
FOODS_3_447,0.0,0.0,0.0,,,15.0,15.0,0,0
FOODS_3_448,103.0,21.0,20.0,0.7961165048543689,0.8058252427184466,2.5714285714285716,5.464285714285714,19,17
FOODS_3_449,152.0,0.0,0.0,1.0,1.0,29.535714285714285,26.214285714285715,13,12
FOODS_3_450,58.0,0.0,1.0,1.0,0.9827586206896551,9.785714285714286,9.035714285714286,13,10
FOODS_3_451,75.0,11.0,11.0,0.8533333333333334,0.8533333333333334,12.285714285714286,15.428571428571429,10,10
FOODS_3_452,11.0,0.0,0.0,1.0,1.0,4.142857142857143,4.178571428571429,7,8
FOODS_3_453,14.0,1.0,0.0,0.9285714285714286,1.0,4.321428571428571,4.785714285714286,7,8
FOODS_3_454,31.0,22.0,21.0,0.2903225806451613,0.3225806451612903,4.5,17.285714285714285,6,2
FOODS_3_455,236.0,2.0,5.0,0.9915254237288136,0.9788135593220338,29.535714285714285,32.392857142857146,15,12
FOODS_3_456,11.0,0.0,0.0,1.0,1.0,4.964285714285714,5.571428571428571,6,6
FOODS_3_457,11.0,2.0,1.0,0.8181818181818182,0.9090909090909091,2.25,2.5357142857142856,7,6
FOODS_3_458,168.0,0.0,0.0,1.0,1.0,26.821428571428573,26.25,14,13
FOODS_3_459,47.0,0.0,0.0,1.0,1.0,11.107142857142858,11.964285714285714,9,9
FOODS_3_460,108.0,18.0,20.0,0.8333333333333334,0.8148148148148148,14.928571428571429,15.857142857142858,15,12
FOODS_3_461,43.0,15.0,9.0,0.6511627906976745,0.7906976744186046,3.107142857142857,3.892857142857143,16,12
FOODS_3_462,235.0,32.0,32.0,0.8638297872340426,0.8638297872340426,29.642857142857142,38.25,16,14
FOODS_3_463,82.0,4.0,2.0,0.9512195121951219,0.975609756097561,10.785714285714286,11.428571428571429,13,14
FOODS_3_464,17.0,1.0,0.0,0.9411764705882353,1.0,2.75,3.357142857142857,10,11
FOODS_3_465,41.0,6.0,5.0,0.8536585365853658,0.8780487804878049,12.821428571428571,14.0,5,4
FOODS_3_466,0.0,0.0,0.0,,,0.0,0.75,0,1
FOODS_3_467,28.0,6.0,7.0,0.7857142857142857,0.75,7.285714285714286,7.321428571428571,7,9
FOODS_3_468,85.0,7.0,4.0,0.9176470588235294,0.9529411764705882,8.821428571428571,12.464285714285714,13,13
FOODS_3_469,150.0,7.0,6.0,0.9533333333333334,0.96,13.035714285714286,13.714285714285714,18,16
FOODS_3_470,20.0,0.0,0.0,1.0,1.0,8.928571428571429,10.857142857142858,6,5
FOODS_3_471,9.0,3.0,2.0,0.6666666666666666,0.7777777777777778,2.2857142857142856,2.5357142857142856,5,5
FOODS_3_472,16.0,4.0,4.0,0.75,0.75,6.392857142857143,5.571428571428571,5,4
FOODS_3_473,203.0,0.0,0.0,1.0,1.0,32.535714285714285,33.464285714285715,16,14
FOODS_3_474,153.0,9.0,0.0,0.9411764705882353,1.0,51.75,52.32142857142857,9,7
FOODS_3_475,16.0,1.0,1.0,0.9375,0.9375,3.8214285714285716,4.892857142857143,10,7
FOODS_3_476,77.0,0.0,0.0,1.0,1.0,22.75,23.321428571428573,11,11
FOODS_3_477,153.0,0.0,0.0,1.0,1.0,19.928571428571427,22.75,16,15
FOODS_3_478,17.0,7.0,2.0,0.5882352941176471,0.8823529411764706,4.821428571428571,5.678571428571429,5,5
FOODS_3_479,19.0,0.0,0.0,1.0,1.0,7.142857142857143,8.892857142857142,6,4
FOODS_3_480,37.0,0.0,0.0,1.0,1.0,7.5,8.142857142857142,11,10
FOODS_3_481,71.0,0.0,0.0,1.0,1.0,12.75,17.178571428571427,13,12
FOODS_3_482,66.0,1.0,0.0,0.9848484848484849,1.0,8.892857142857142,8.892857142857142,14,15
FOODS_3_483,44.0,18.0,17.0,0.5909090909090909,0.6136363636363636,2.4642857142857144,4.464285714285714,13,10
FOODS_3_484,14.0,2.0,2.0,0.8571428571428571,0.8571428571428571,6.25,5.607142857142857,6,6
FOODS_3_485,94.0,10.0,7.0,0.8936170212765957,0.925531914893617,11.285714285714286,12.142857142857142,14,13
FOODS_3_486,21.0,0.0,0.0,1.0,1.0,6.178571428571429,6.178571428571429,10,9
FOODS_3_487,44.0,0.0,0.0,1.0,1.0,9.785714285714286,9.178571428571429,10,10
FOODS_3_488,1.0,0.0,0.0,1.0,1.0,13.035714285714286,13.035714285714286,0,0
FOODS_3_489,56.0,0.0,0.0,1.0,1.0,15.214285714285714,15.142857142857142,10,9
FOODS_3_490,34.0,0.0,1.0,1.0,0.9705882352941176,9.785714285714286,9.964285714285714,10,8
FOODS_3_491,328.0,0.0,0.0,1.0,1.0,35.75,48.464285714285715,16,11
FOODS_3_492,28.0,0.0,0.0,1.0,1.0,10.071428571428571,9.607142857142858,9,8
FOODS_3_493,58.0,0.0,0.0,1.0,1.0,13.75,13.607142857142858,11,11
FOODS_3_494,42.0,2.0,2.0,0.9523809523809523,0.9523809523809523,7.964285714285714,8.107142857142858,10,11
FOODS_3_495,18.0,2.0,1.0,0.8888888888888888,0.9444444444444444,4.428571428571429,4.5,8,12
FOODS_3_496,67.0,0.0,0.0,1.0,1.0,9.642857142857142,9.071428571428571,16,13
FOODS_3_497,29.0,0.0,0.0,1.0,1.0,11.964285714285714,12.142857142857142,5,7
FOODS_3_498,82.0,0.0,0.0,1.0,1.0,66.25,65.75,2,3
FOODS_3_499,357.0,0.0,0.0,1.0,1.0,58.607142857142854,67.64285714285714,16,15
FOODS_3_500,5.0,0.0,0.0,1.0,1.0,2.5714285714285716,3.3214285714285716,2,3
FOODS_3_501,642.0,1.0,19.0,0.9984423676012462,0.9704049844236761,102.21428571428571,95.60714285714286,17,12
FOODS_3_502,59.0,0.0,0.0,1.0,1.0,12.928571428571429,15.285714285714286,10,10
FOODS_3_503,98.0,0.0,0.0,1.0,1.0,24.178571428571427,23.25,12,12
FOODS_3_504,62.0,0.0,0.0,1.0,1.0,14.035714285714286,13.821428571428571,11,11
FOODS_3_505,60.0,0.0,0.0,1.0,1.0,13.0,13.0,11,12
FOODS_3_506,6.0,2.0,1.0,0.6666666666666666,0.8333333333333334,1.4642857142857142,2.0357142857142856,5,6
FOODS_3_507,10.0,0.0,0.0,1.0,1.0,6.428571428571429,6.678571428571429,5,5
FOODS_3_508,34.0,0.0,0.0,1.0,1.0,5.142857142857143,7.142857142857143,13,11
FOODS_3_509,42.0,0.0,0.0,1.0,1.0,15.285714285714286,16.357142857142858,8,8
FOODS_3_510,14.0,1.0,0.0,0.9285714285714286,1.0,1.5714285714285714,2.892857142857143,8,7
FOODS_3_511,715.0,21.0,30.0,0.9706293706293706,0.958041958041958,58.285714285714285,56.964285714285715,17,16
FOODS_3_512,8.0,2.0,1.0,0.75,0.875,2.392857142857143,2.75,7,6
FOODS_3_513,54.0,0.0,0.0,1.0,1.0,8.0,8.821428571428571,11,14
FOODS_3_514,216.0,57.0,48.0,0.7361111111111112,0.7777777777777778,17.964285714285715,26.464285714285715,17,12
FOODS_3_515,45.0,0.0,0.0,1.0,1.0,12.785714285714286,13.214285714285714,10,8
FOODS_3_516,262.0,0.0,0.0,1.0,1.0,35.107142857142854,34.42857142857143,18,15
FOODS_3_517,13.0,0.0,0.0,1.0,1.0,5.392857142857143,5.678571428571429,7,7
FOODS_3_518,29.0,0.0,0.0,1.0,1.0,7.964285714285714,7.428571428571429,10,10
FOODS_3_519,503.0,131.0,129.0,0.7395626242544732,0.7435387673956262,17.571428571428573,24.428571428571427,16,13
FOODS_3_520,20.0,0.0,0.0,1.0,1.0,10.464285714285714,10.428571428571429,6,6
FOODS_3_521,32.0,0.0,0.0,1.0,1.0,9.857142857142858,10.428571428571429,9,9
FOODS_3_522,31.0,12.0,12.0,0.6129032258064516,0.6129032258064516,6.964285714285714,7.0,7,6
FOODS_3_523,98.0,0.0,3.0,1.0,0.9693877551020408,19.642857142857142,18.428571428571427,12,13
FOODS_3_524,0.0,0.0,0.0,,,23.0,23.0,0,0
FOODS_3_525,30.0,0.0,0.0,1.0,1.0,37.464285714285715,32.714285714285715,1,0
FOODS_3_526,136.0,0.0,0.0,1.0,1.0,38.785714285714285,36.392857142857146,11,10
FOODS_3_527,19.0,0.0,0.0,1.0,1.0,6.142857142857143,6.392857142857143,7,8
FOODS_3_528,3.0,0.0,0.0,1.0,1.0,4.785714285714286,4.892857142857143,0,1
FOODS_3_529,32.0,1.0,3.0,0.96875,0.90625,6.178571428571429,5.607142857142857,10,9
FOODS_3_530,90.0,6.0,0.0,0.9333333333333333,1.0,11.892857142857142,14.5,14,14
FOODS_3_531,27.0,0.0,0.0,1.0,1.0,8.25,8.464285714285714,8,7
FOODS_3_532,48.0,0.0,0.0,1.0,1.0,17.142857142857142,15.785714285714286,10,8
FOODS_3_533,37.0,0.0,0.0,1.0,1.0,8.178571428571429,8.392857142857142,9,10
FOODS_3_534,152.0,18.0,17.0,0.881578947368421,0.8881578947368421,15.392857142857142,17.464285714285715,17,18
FOODS_3_535,61.0,6.0,3.0,0.9016393442622951,0.9508196721311475,5.785714285714286,5.25,12,12
FOODS_3_536,27.0,0.0,0.0,1.0,1.0,9.821428571428571,9.357142857142858,5,5
FOODS_3_537,34.0,0.0,0.0,1.0,1.0,14.892857142857142,14.107142857142858,7,7
FOODS_3_538,50.0,0.0,0.0,1.0,1.0,13.178571428571429,13.535714285714286,9,10
FOODS_3_539,19.0,0.0,0.0,1.0,1.0,7.214285714285714,7.285714285714286,7,8
FOODS_3_540,156.0,0.0,7.0,1.0,0.9551282051282052,22.035714285714285,21.928571428571427,16,11
FOODS_3_541,0.0,0.0,0.0,,,2.0,17.75,0,1
FOODS_3_542,19.0,0.0,0.0,1.0,1.0,11.107142857142858,11.357142857142858,3,5
FOODS_3_543,10.0,1.0,0.0,0.9,1.0,3.9285714285714284,4.285714285714286,5,7
FOODS_3_544,12.0,4.0,4.0,0.6666666666666666,0.6666666666666666,2.7857142857142856,4.607142857142857,7,5
FOODS_3_545,38.0,0.0,0.0,1.0,1.0,12.857142857142858,12.964285714285714,9,8
FOODS_3_546,134.0,0.0,0.0,1.0,1.0,22.5,21.964285714285715,15,15
FOODS_3_547,84.0,30.0,0.0,0.6428571428571429,1.0,17.607142857142858,33.285714285714285,12,7
FOODS_3_548,4.0,0.0,0.0,1.0,1.0,4.607142857142857,4.607142857142857,1,2
FOODS_3_549,21.0,1.0,0.0,0.9523809523809523,1.0,5.392857142857143,6.857142857142857,8,9
FOODS_3_550,10.0,2.0,2.0,0.8,0.8,1.9285714285714286,4.285714285714286,5,4
FOODS_3_551,33.0,0.0,0.0,1.0,1.0,11.607142857142858,12.357142857142858,8,7
FOODS_3_552,20.0,2.0,1.0,0.9,0.95,6.821428571428571,6.535714285714286,5,8
FOODS_3_553,39.0,0.0,0.0,1.0,1.0,10.392857142857142,10.285714285714286,10,9
FOODS_3_554,7.0,0.0,0.0,1.0,1.0,7.678571428571429,6.357142857142857,2,2
FOODS_3_555,575.0,0.0,0.0,1.0,1.0,48.714285714285715,51.035714285714285,18,19
FOODS_3_556,18.0,0.0,0.0,1.0,1.0,3.5,4.107142857142857,6,7
FOODS_3_557,99.0,0.0,0.0,1.0,1.0,30.928571428571427,28.214285714285715,12,12
FOODS_3_558,13.0,2.0,1.0,0.8461538461538461,0.9230769230769231,1.9642857142857142,2.6785714285714284,8,8
FOODS_3_559,16.0,0.0,0.0,1.0,1.0,8.678571428571429,9.607142857142858,4,4
FOODS_3_560,85.0,0.0,0.0,1.0,1.0,11.5,11.428571428571429,12,12
FOODS_3_561,135.0,0.0,0.0,1.0,1.0,22.321428571428573,21.035714285714285,13,13
FOODS_3_562,95.0,7.0,5.0,0.9263157894736842,0.9473684210526315,9.178571428571429,9.142857142857142,16,14
FOODS_3_563,0.0,0.0,0.0,,,0.0,0.75,0,1
FOODS_3_564,31.0,2.0,3.0,0.9354838709677419,0.9032258064516129,11.071428571428571,10.428571428571429,5,5
FOODS_3_565,53.0,5.0,4.0,0.9056603773584906,0.9245283018867925,6.392857142857143,6.142857142857143,13,12
FOODS_3_566,750.0,189.0,204.0,0.748,0.728,15.892857142857142,22.428571428571427,21,18
FOODS_3_567,40.0,3.0,1.0,0.925,0.975,6.285714285714286,6.464285714285714,9,8
FOODS_3_568,92.0,5.0,2.0,0.9456521739130435,0.9782608695652174,17.464285714285715,17.821428571428573,10,10
FOODS_3_569,32.0,1.0,1.0,0.96875,0.96875,7.535714285714286,8.357142857142858,10,8
FOODS_3_570,210.0,0.0,0.0,1.0,1.0,30.107142857142858,28.142857142857142,15,16
FOODS_3_571,24.0,6.0,2.0,0.75,0.9166666666666666,2.107142857142857,2.75,11,10
FOODS_3_572,223.0,9.0,10.0,0.9596412556053812,0.9551569506726457,17.321428571428573,19.642857142857142,18,14
FOODS_3_573,601.0,140.0,125.0,0.7670549084858569,0.7920133111480865,18.75,18.178571428571427,22,21
FOODS_3_574,55.0,0.0,0.0,1.0,1.0,27.928571428571427,27.571428571428573,5,4
FOODS_3_575,27.0,0.0,1.0,1.0,0.9629629629629629,5.5,4.071428571428571,10,10
FOODS_3_576,29.0,8.0,9.0,0.7241379310344828,0.6896551724137931,11.0,7.928571428571429,5,8
FOODS_3_577,70.0,0.0,0.0,1.0,1.0,14.071428571428571,14.75,14,13
FOODS_3_578,185.0,35.0,22.0,0.8108108108108109,0.8810810810810811,11.714285714285714,19.071428571428573,18,14
FOODS_3_579,20.0,0.0,0.0,1.0,1.0,7.607142857142857,7.821428571428571,6,6
FOODS_3_580,100.0,4.0,0.0,0.96,1.0,26.214285714285715,41.17857142857143,9,7
FOODS_3_581,30.0,0.0,1.0,1.0,0.9666666666666667,8.285714285714286,8.142857142857142,9,9
FOODS_3_582,7.0,0.0,0.0,1.0,1.0,13.0,12.285714285714286,1,0
FOODS_3_583,40.0,4.0,4.0,0.9,0.9,4.714285714285714,7.392857142857143,11,9
FOODS_3_584,12.0,0.0,0.0,1.0,1.0,19.071428571428573,19.535714285714285,2,2
FOODS_3_585,47.0,0.0,2.0,1.0,0.9574468085106383,10.071428571428571,9.892857142857142,13,13
FOODS_3_586,1155.0,1.0,0.0,0.9991341991341991,1.0,96.82142857142857,103.78571428571429,20,17
FOODS_3_587,639.0,72.0,60.0,0.8873239436619719,0.9061032863849765,71.71428571428571,78.71428571428571,16,15
FOODS_3_588,68.0,0.0,0.0,1.0,1.0,12.0,13.392857142857142,14,10
FOODS_3_589,21.0,20.0,19.0,0.047619047619047616,0.09523809523809523,2.7142857142857144,4.25,6,6
FOODS_3_590,86.0,0.0,0.0,1.0,1.0,18.035714285714285,17.75,11,13
FOODS_3_591,28.0,0.0,0.0,1.0,1.0,16.321428571428573,16.214285714285715,5,4
FOODS_3_592,161.0,0.0,0.0,1.0,1.0,29.357142857142858,24.142857142857142,13,15
FOODS_3_593,27.0,3.0,4.0,0.8888888888888888,0.8518518518518519,7.785714285714286,7.142857142857143,8,9
FOODS_3_594,0.0,0.0,0.0,,,16.0,16.0,0,0
FOODS_3_595,44.0,0.0,0.0,1.0,1.0,8.178571428571429,7.392857142857143,11,12
FOODS_3_596,63.0,3.0,1.0,0.9523809523809523,0.9841269841269841,9.214285714285714,8.321428571428571,13,14
FOODS_3_597,4.0,0.0,0.0,1.0,1.0,2.1785714285714284,3.357142857142857,3,3
FOODS_3_598,84.0,0.0,0.0,1.0,1.0,20.821428571428573,20.571428571428573,11,12
FOODS_3_599,79.0,1.0,3.0,0.9873417721518988,0.9620253164556962,9.928571428571429,10.142857142857142,15,13
FOODS_3_600,18.0,1.0,0.0,0.9444444444444444,1.0,4.285714285714286,5.071428571428571,9,8
FOODS_3_601,5.0,0.0,0.0,1.0,1.0,4.678571428571429,4.178571428571429,2,2
FOODS_3_602,38.0,0.0,0.0,1.0,1.0,18.0,17.428571428571427,6,7
FOODS_3_603,471.0,132.0,195.0,0.7197452229299363,0.5859872611464968,13.571428571428571,10.321428571428571,18,16
FOODS_3_604,37.0,0.0,0.0,1.0,1.0,12.142857142857142,12.321428571428571,8,8
FOODS_3_605,24.0,0.0,0.0,1.0,1.0,10.428571428571429,9.571428571428571,5,5
FOODS_3_606,62.0,0.0,0.0,1.0,1.0,13.535714285714286,13.107142857142858,12,12
FOODS_3_607,489.0,42.0,42.0,0.9141104294478528,0.9141104294478528,31.142857142857142,39.5,19,15
FOODS_3_608,47.0,0.0,0.0,1.0,1.0,11.571428571428571,12.464285714285714,8,10
FOODS_3_609,71.0,6.0,4.0,0.9154929577464789,0.9436619718309859,7.714285714285714,8.821428571428571,14,12
FOODS_3_610,16.0,0.0,0.0,1.0,1.0,8.5,8.678571428571429,4,6
FOODS_3_611,36.0,1.0,0.0,0.9722222222222222,1.0,9.571428571428571,9.464285714285714,8,9
FOODS_3_612,14.0,0.0,0.0,1.0,1.0,11.857142857142858,12.25,4,4
FOODS_3_613,20.0,3.0,1.0,0.85,0.95,4.035714285714286,5.0,7,10
FOODS_3_614,0.0,0.0,0.0,,,7.0,7.0,0,0
FOODS_3_615,69.0,3.0,3.0,0.9565217391304348,0.9565217391304348,10.142857142857142,10.607142857142858,12,14
FOODS_3_616,27.0,5.0,4.0,0.8148148148148148,0.8518518518518519,3.2857142857142856,3.4285714285714284,9,11
FOODS_3_617,65.0,0.0,0.0,1.0,1.0,10.857142857142858,11.178571428571429,12,11
FOODS_3_618,128.0,0.0,0.0,1.0,1.0,44.42857142857143,40.964285714285715,10,9
FOODS_3_619,10.0,0.0,0.0,1.0,1.0,3.3214285714285716,4.142857142857143,5,7
FOODS_3_620,21.0,0.0,0.0,1.0,1.0,7.071428571428571,6.357142857142857,7,6
FOODS_3_621,51.0,3.0,2.0,0.9411764705882353,0.9607843137254902,22.75,22.964285714285715,5,7
FOODS_3_622,25.0,8.0,7.0,0.68,0.72,7.821428571428571,7.642857142857143,6,6
FOODS_3_623,16.0,0.0,0.0,1.0,1.0,7.857142857142857,8.714285714285714,4,5
FOODS_3_624,35.0,0.0,0.0,1.0,1.0,11.428571428571429,11.928571428571429,9,9
FOODS_3_625,56.0,0.0,0.0,1.0,1.0,9.392857142857142,9.178571428571429,13,14
FOODS_3_626,13.0,0.0,0.0,1.0,1.0,8.785714285714286,7.714285714285714,4,6
FOODS_3_627,17.0,0.0,0.0,1.0,1.0,8.892857142857142,8.892857142857142,5,5
FOODS_3_628,127.0,4.0,6.0,0.968503937007874,0.952755905511811,17.75,18.142857142857142,15,15
FOODS_3_629,17.0,0.0,0.0,1.0,1.0,3.5714285714285716,4.321428571428571,9,9
FOODS_3_630,20.0,11.0,8.0,0.45,0.6,0.9642857142857143,2.107142857142857,8,7
FOODS_3_631,33.0,0.0,0.0,1.0,1.0,7.928571428571429,9.428571428571429,12,11
FOODS_3_632,60.0,1.0,0.0,0.9833333333333333,1.0,12.857142857142858,12.321428571428571,9,8
FOODS_3_633,29.0,2.0,3.0,0.9310344827586207,0.896551724137931,4.714285714285714,4.214285714285714,12,11
FOODS_3_634,127.0,10.0,7.0,0.9212598425196851,0.9448818897637795,15.285714285714286,15.892857142857142,15,12
FOODS_3_635,0.0,0.0,0.0,,,10.0,10.0,0,0
FOODS_3_636,145.0,0.0,0.0,1.0,1.0,30.714285714285715,35.142857142857146,13,11
FOODS_3_637,11.0,0.0,0.0,1.0,1.0,7.0,7.642857142857143,4,5
FOODS_3_638,62.0,3.0,1.0,0.9516129032258065,0.9838709677419355,11.428571428571429,11.392857142857142,14,14
FOODS_3_639,39.0,2.0,1.0,0.9487179487179487,0.9743589743589743,3.392857142857143,4.0,12,12
FOODS_3_640,68.0,0.0,0.0,1.0,1.0,14.107142857142858,13.964285714285714,13,12
FOODS_3_641,76.0,0.0,0.0,1.0,1.0,19.071428571428573,19.071428571428573,12,13
FOODS_3_642,32.0,0.0,0.0,1.0,1.0,7.0,6.607142857142857,11,12
FOODS_3_643,55.0,8.0,3.0,0.8545454545454545,0.9454545454545454,10.928571428571429,12.0,12,10
FOODS_3_644,0.0,0.0,0.0,,,0.0,0.75,0,1
FOODS_3_645,80.0,0.0,0.0,1.0,1.0,22.714285714285715,21.142857142857142,10,10
FOODS_3_646,56.0,0.0,0.0,1.0,1.0,16.714285714285715,16.785714285714285,9,10
FOODS_3_647,28.0,16.0,9.0,0.42857142857142855,0.6785714285714286,0.32142857142857145,2.75,9,6
FOODS_3_648,16.0,0.0,0.0,1.0,1.0,11.928571428571429,11.928571428571429,2,2
FOODS_3_649,15.0,0.0,0.0,1.0,1.0,5.321428571428571,5.107142857142857,8,6
FOODS_3_650,29.0,0.0,0.0,1.0,1.0,12.714285714285714,12.321428571428571,5,5
FOODS_3_651,28.0,0.0,0.0,1.0,1.0,10.107142857142858,10.107142857142858,8,9
FOODS_3_652,166.0,0.0,0.0,1.0,1.0,29.464285714285715,27.392857142857142,15,16
FOODS_3_653,60.0,0.0,0.0,1.0,1.0,10.892857142857142,11.285714285714286,12,13
FOODS_3_654,228.0,0.0,0.0,1.0,1.0,25.535714285714285,25.107142857142858,16,14
FOODS_3_655,58.0,0.0,0.0,1.0,1.0,13.964285714285714,18.071428571428573,13,11
FOODS_3_656,42.0,3.0,3.0,0.9285714285714286,0.9285714285714286,7.892857142857143,7.892857142857143,10,10
FOODS_3_657,74.0,0.0,0.0,1.0,1.0,15.285714285714286,15.857142857142858,12,12
FOODS_3_658,23.0,0.0,0.0,1.0,1.0,5.357142857142857,5.071428571428571,8,9
FOODS_3_659,39.0,1.0,1.0,0.9743589743589743,0.9743589743589743,12.75,15.142857142857142,8,6
FOODS_3_660,35.0,11.0,8.0,0.6857142857142857,0.7714285714285715,3.5,4.25,8,7
FOODS_3_661,110.0,0.0,0.0,1.0,1.0,19.464285714285715,19.142857142857142,16,14
FOODS_3_662,17.0,0.0,0.0,1.0,1.0,3.607142857142857,3.9642857142857144,8,9
FOODS_3_663,55.0,20.0,5.0,0.6363636363636364,0.9090909090909091,2.5,6.178571428571429,13,9
FOODS_3_664,23.0,2.0,0.0,0.9130434782608695,1.0,5.214285714285714,5.678571428571429,8,8
FOODS_3_665,42.0,0.0,0.0,1.0,1.0,14.0,14.678571428571429,9,8
FOODS_3_666,32.0,0.0,0.0,1.0,1.0,14.928571428571429,15.357142857142858,8,8
FOODS_3_667,15.0,0.0,0.0,1.0,1.0,5.214285714285714,5.821428571428571,6,6
FOODS_3_668,201.0,0.0,0.0,1.0,1.0,29.785714285714285,31.285714285714285,16,15
FOODS_3_669,93.0,8.0,10.0,0.9139784946236559,0.8924731182795699,7.678571428571429,7.214285714285714,14,15
FOODS_3_670,9.0,0.0,0.0,1.0,1.0,4.892857142857143,5.357142857142857,6,5
FOODS_3_671,21.0,5.0,4.0,0.7619047619047619,0.8095238095238095,6.071428571428571,6.642857142857143,5,4
FOODS_3_672,36.0,5.0,0.0,0.8611111111111112,1.0,8.75,10.821428571428571,8,10
FOODS_3_673,50.0,0.0,0.0,1.0,1.0,10.535714285714286,10.428571428571429,11,12
FOODS_3_674,38.0,0.0,2.0,1.0,0.9473684210526315,7.642857142857143,8.25,11,10
FOODS_3_675,84.0,0.0,0.0,1.0,1.0,10.035714285714286,10.857142857142858,16,15
FOODS_3_676,73.0,0.0,0.0,1.0,1.0,23.071428571428573,21.285714285714285,10,11
FOODS_3_677,19.0,0.0,0.0,1.0,1.0,6.357142857142857,6.035714285714286,9,8
FOODS_3_678,27.0,0.0,0.0,1.0,1.0,13.857142857142858,15.107142857142858,5,6
FOODS_3_679,32.0,1.0,0.0,0.96875,1.0,6.285714285714286,6.75,10,9
FOODS_3_680,39.0,0.0,0.0,1.0,1.0,3.9642857142857144,5.642857142857143,13,13
FOODS_3_681,592.0,0.0,0.0,1.0,1.0,60.25,72.60714285714286,19,14
FOODS_3_682,260.0,0.0,8.0,1.0,0.9692307692307692,28.071428571428573,28.607142857142858,17,16
FOODS_3_683,118.0,2.0,4.0,0.9830508474576272,0.9661016949152542,24.642857142857142,22.821428571428573,13,11
FOODS_3_684,57.0,0.0,0.0,1.0,1.0,10.464285714285714,9.785714285714286,13,13
FOODS_3_685,56.0,7.0,9.0,0.875,0.8392857142857143,11.75,11.964285714285714,12,10
FOODS_3_686,21.0,0.0,0.0,1.0,1.0,7.928571428571429,8.392857142857142,9,8
FOODS_3_687,8.0,0.0,0.0,1.0,1.0,11.642857142857142,12.357142857142858,2,2
FOODS_3_688,151.0,0.0,0.0,1.0,1.0,42.035714285714285,42.392857142857146,11,9
FOODS_3_689,65.0,0.0,0.0,1.0,1.0,14.392857142857142,13.678571428571429,11,11
FOODS_3_690,16.0,0.0,0.0,1.0,1.0,7.571428571428571,5.821428571428571,7,8
FOODS_3_691,16.0,0.0,0.0,1.0,1.0,3.5,3.9285714285714284,8,9
FOODS_3_692,142.0,0.0,0.0,1.0,1.0,30.964285714285715,27.785714285714285,12,12
FOODS_3_693,9.0,0.0,0.0,1.0,1.0,4.178571428571429,4.214285714285714,6,7
FOODS_3_694,302.0,0.0,0.0,1.0,1.0,39.214285714285715,43.5,17,14
FOODS_3_695,209.0,0.0,0.0,1.0,1.0,30.535714285714285,26.214285714285715,15,13
FOODS_3_696,48.0,4.0,4.0,0.9166666666666666,0.9166666666666666,7.0,6.5,11,12
FOODS_3_697,364.0,0.0,6.0,1.0,0.9835164835164835,40.32142857142857,35.285714285714285,19,16
FOODS_3_698,33.0,7.0,5.0,0.7878787878787878,0.8484848484848485,6.714285714285714,8.107142857142858,8,8
FOODS_3_700,45.0,0.0,0.0,1.0,1.0,8.75,8.392857142857142,11,11
FOODS_3_701,16.0,0.0,0.0,1.0,1.0,9.25,8.607142857142858,5,6
FOODS_3_702,451.0,43.0,47.0,0.9046563192904656,0.8957871396895787,30.142857142857142,36.57142857142857,18,16
FOODS_3_703,42.0,4.0,4.0,0.9047619047619048,0.9047619047619048,7.714285714285714,8.857142857142858,13,10
FOODS_3_704,119.0,0.0,1.0,1.0,0.9915966386554622,12.25,13.857142857142858,17,14
FOODS_3_705,35.0,0.0,0.0,1.0,1.0,6.428571428571429,7.107142857142857,12,12
FOODS_3_706,89.0,31.0,19.0,0.651685393258427,0.7865168539325843,2.0714285714285716,6.321428571428571,16,14
FOODS_3_707,26.0,22.0,21.0,0.15384615384615385,0.19230769230769232,2.142857142857143,4.928571428571429,7,4
FOODS_3_708,22.0,0.0,0.0,1.0,1.0,16.392857142857142,16.464285714285715,4,3
FOODS_3_709,22.0,3.0,3.0,0.8636363636363636,0.8636363636363636,7.678571428571429,7.928571428571429,6,6
FOODS_3_710,15.0,4.0,3.0,0.7333333333333333,0.8,4.285714285714286,4.821428571428571,6,6
FOODS_3_711,164.0,61.0,10.0,0.6280487804878049,0.9390243902439024,13.714285714285714,32.214285714285715,10,8
FOODS_3_712,28.0,0.0,0.0,1.0,1.0,13.107142857142858,12.607142857142858,5,6
FOODS_3_713,24.0,0.0,0.0,1.0,1.0,6.642857142857143,5.321428571428571,6,8
FOODS_3_714,537.0,0.0,0.0,1.0,1.0,69.78571428571429,83.35714285714286,16,15
FOODS_3_715,30.0,0.0,0.0,1.0,1.0,7.964285714285714,7.928571428571429,10,9
FOODS_3_716,55.0,0.0,0.0,1.0,1.0,18.142857142857142,17.928571428571427,10,11
FOODS_3_717,19.0,0.0,1.0,1.0,0.9473684210526315,6.321428571428571,6.035714285714286,6,7
FOODS_3_718,53.0,0.0,0.0,1.0,1.0,12.392857142857142,13.285714285714286,10,9
FOODS_3_719,18.0,1.0,0.0,0.9444444444444444,1.0,4.821428571428571,4.571428571428571,8,8
FOODS_3_720,22.0,0.0,0.0,1.0,1.0,6.678571428571429,7.285714285714286,9,8
FOODS_3_721,27.0,0.0,0.0,1.0,1.0,13.321428571428571,14.392857142857142,5,7
FOODS_3_722,6.0,0.0,0.0,1.0,1.0,7.178571428571429,6.642857142857143,2,2
FOODS_3_723,338.0,0.0,0.0,1.0,1.0,43.642857142857146,52.17857142857143,19,15
FOODS_3_724,9.0,2.0,2.0,0.7777777777777778,0.7777777777777778,3.8214285714285716,3.75,1,2
FOODS_3_725,98.0,8.0,1.0,0.9183673469387755,0.9897959183673469,16.785714285714285,17.678571428571427,12,13
FOODS_3_726,46.0,11.0,10.0,0.7608695652173914,0.782608695652174,5.142857142857143,5.5,10,11
FOODS_3_727,77.0,0.0,0.0,1.0,1.0,17.714285714285715,17.0,13,11
FOODS_3_729,21.0,0.0,0.0,1.0,1.0,6.642857142857143,7.0,7,9
FOODS_3_730,36.0,0.0,0.0,1.0,1.0,10.678571428571429,10.821428571428571,9,9
FOODS_3_731,58.0,0.0,0.0,1.0,1.0,12.75,12.357142857142858,12,11
FOODS_3_732,94.0,54.0,44.0,0.425531914893617,0.5319148936170213,2.3214285714285716,5.642857142857143,14,11
FOODS_3_733,19.0,0.0,0.0,1.0,1.0,6.607142857142857,6.75,7,8
FOODS_3_734,108.0,0.0,0.0,1.0,1.0,17.464285714285715,19.0,14,13
FOODS_3_735,16.0,2.0,0.0,0.875,1.0,1.4642857142857142,2.607142857142857,9,8
FOODS_3_736,11.0,0.0,0.0,1.0,1.0,10.071428571428571,10.178571428571429,4,4
FOODS_3_737,7.0,0.0,0.0,1.0,1.0,1.0714285714285714,2.107142857142857,7,6
FOODS_3_738,139.0,11.0,3.0,0.920863309352518,0.9784172661870504,18.392857142857142,23.035714285714285,13,12
FOODS_3_739,282.0,0.0,0.0,1.0,1.0,56.857142857142854,62.107142857142854,14,12
FOODS_3_741,469.0,7.0,7.0,0.9850746268656716,0.9850746268656716,51.92857142857143,56.92857142857143,18,16
FOODS_3_742,77.0,0.0,0.0,1.0,1.0,14.214285714285714,15.392857142857142,13,13
FOODS_3_743,58.0,0.0,0.0,1.0,1.0,10.678571428571429,10.892857142857142,11,11
FOODS_3_744,238.0,1.0,0.0,0.9957983193277311,1.0,30.5,36.142857142857146,13,11
FOODS_3_745,4.0,4.0,3.0,0.0,0.25,0.32142857142857145,0.9285714285714286,1,2
FOODS_3_746,150.0,29.0,28.0,0.8066666666666666,0.8133333333333334,10.714285714285714,13.392857142857142,15,14
FOODS_3_747,175.0,0.0,0.0,1.0,1.0,23.392857142857142,21.035714285714285,15,16
FOODS_3_748,21.0,1.0,0.0,0.9523809523809523,1.0,9.214285714285714,9.285714285714286,6,7
FOODS_3_749,42.0,0.0,0.0,1.0,1.0,13.785714285714286,13.535714285714286,8,7
FOODS_3_750,63.0,2.0,4.0,0.9682539682539683,0.9365079365079365,12.285714285714286,12.964285714285714,10,9
FOODS_3_751,74.0,0.0,0.0,1.0,1.0,10.25,10.035714285714286,15,14
FOODS_3_752,184.0,6.0,2.0,0.967391304347826,0.9891304347826086,27.214285714285715,41.892857142857146,13,11
FOODS_3_753,88.0,4.0,1.0,0.9545454545454546,0.9886363636363636,10.964285714285714,11.571428571428571,16,14
FOODS_3_754,18.0,1.0,0.0,0.9444444444444444,1.0,5.178571428571429,5.892857142857143,8,9
FOODS_3_755,271.0,0.0,0.0,1.0,1.0,51.535714285714285,53.357142857142854,16,15
FOODS_3_756,138.0,0.0,0.0,1.0,1.0,19.357142857142858,19.142857142857142,14,14
FOODS_3_757,191.0,0.0,0.0,1.0,1.0,37.785714285714285,31.321428571428573,14,13
FOODS_3_758,10.0,0.0,0.0,1.0,1.0,5.357142857142857,5.321428571428571,4,3
FOODS_3_759,31.0,0.0,0.0,1.0,1.0,8.821428571428571,10.357142857142858,9,9
FOODS_3_760,284.0,0.0,0.0,1.0,1.0,33.035714285714285,36.25,15,15
FOODS_3_761,11.0,1.0,0.0,0.9090909090909091,1.0,7.321428571428571,7.392857142857143,4,5
FOODS_3_762,36.0,0.0,0.0,1.0,1.0,9.071428571428571,6.678571428571429,10,13
FOODS_3_763,15.0,0.0,0.0,1.0,1.0,5.571428571428571,5.785714285714286,8,7
FOODS_3_764,277.0,47.0,35.0,0.8303249097472925,0.8736462093862816,42.07142857142857,45.75,15,11
FOODS_3_765,33.0,0.0,0.0,1.0,1.0,9.5,9.142857142857142,9,10
FOODS_3_766,23.0,0.0,0.0,1.0,1.0,4.75,4.857142857142857,10,11
FOODS_3_767,0.0,0.0,0.0,,,7.0,7.0,0,0
FOODS_3_768,108.0,3.0,2.0,0.9722222222222222,0.9814814814814815,11.357142857142858,11.392857142857142,16,16
FOODS_3_769,133.0,4.0,6.0,0.9699248120300752,0.9548872180451128,14.964285714285714,16.535714285714285,16,13
FOODS_3_770,33.0,0.0,0.0,1.0,1.0,6.285714285714286,6.214285714285714,11,12
FOODS_3_771,69.0,0.0,0.0,1.0,1.0,14.607142857142858,14.142857142857142,12,12
FOODS_3_772,101.0,0.0,0.0,1.0,1.0,19.964285714285715,21.035714285714285,14,11
FOODS_3_773,21.0,0.0,0.0,1.0,1.0,5.142857142857143,4.535714285714286,9,11
FOODS_3_774,11.0,0.0,0.0,1.0,1.0,5.571428571428571,6.285714285714286,6,5
FOODS_3_775,36.0,0.0,0.0,1.0,1.0,6.178571428571429,6.785714285714286,10,11
FOODS_3_776,42.0,2.0,3.0,0.9523809523809523,0.9285714285714286,4.5,5.214285714285714,12,14
FOODS_3_777,22.0,0.0,0.0,1.0,1.0,12.785714285714286,12.464285714285714,5,5
FOODS_3_778,30.0,4.0,4.0,0.8666666666666667,0.8666666666666667,4.392857142857143,4.214285714285714,13,10
FOODS_3_779,12.0,4.0,4.0,0.6666666666666666,0.6666666666666666,7.035714285714286,7.178571428571429,3,4
FOODS_3_780,101.0,18.0,13.0,0.8217821782178217,0.8712871287128713,8.214285714285714,8.428571428571429,17,17
FOODS_3_781,16.0,0.0,0.0,1.0,1.0,6.464285714285714,5.5,6,6
FOODS_3_782,130.0,16.0,15.0,0.8769230769230769,0.8846153846153846,18.107142857142858,18.857142857142858,15,15
FOODS_3_783,145.0,0.0,0.0,1.0,1.0,19.142857142857142,20.5,17,15
FOODS_3_784,59.0,0.0,0.0,1.0,1.0,13.964285714285714,14.071428571428571,10,10
FOODS_3_785,599.0,112.0,76.0,0.8130217028380634,0.8731218697829716,17.535714285714285,56.17857142857143,21,13
FOODS_3_786,54.0,0.0,0.0,1.0,1.0,13.607142857142858,15.607142857142858,11,11
FOODS_3_787,72.0,6.0,6.0,0.9166666666666666,0.9166666666666666,7.928571428571429,9.107142857142858,15,11
FOODS_3_788,40.0,7.0,5.0,0.825,0.875,3.2142857142857144,3.642857142857143,15,13
FOODS_3_789,100.0,0.0,0.0,1.0,1.0,25.285714285714285,25.714285714285715,14,10
FOODS_3_790,26.0,0.0,0.0,1.0,1.0,6.75,6.428571428571429,10,10
FOODS_3_791,25.0,0.0,0.0,1.0,1.0,8.571428571428571,7.107142857142857,10,8
FOODS_3_792,29.0,0.0,0.0,1.0,1.0,18.785714285714285,21.928571428571427,3,4
FOODS_3_793,47.0,4.0,3.0,0.9148936170212766,0.9361702127659575,11.928571428571429,11.928571428571429,10,11
FOODS_3_794,51.0,1.0,3.0,0.9803921568627451,0.9411764705882353,9.428571428571429,9.571428571428571,11,11
FOODS_3_795,91.0,0.0,0.0,1.0,1.0,21.678571428571427,20.678571428571427,12,12
FOODS_3_796,21.0,1.0,0.0,0.9523809523809523,1.0,9.142857142857142,9.357142857142858,5,5
FOODS_3_797,64.0,0.0,0.0,1.0,1.0,8.0,8.357142857142858,15,15
FOODS_3_798,0.0,0.0,0.0,,,4.0,4.0,0,0
FOODS_3_799,6.0,3.0,2.0,0.5,0.6666666666666666,1.3214285714285714,1.6785714285714286,5,5
FOODS_3_800,56.0,0.0,0.0,1.0,1.0,13.678571428571429,13.392857142857142,11,10
FOODS_3_801,47.0,0.0,0.0,1.0,1.0,18.571428571428573,19.821428571428573,9,9
FOODS_3_802,11.0,0.0,0.0,1.0,1.0,2.5357142857142856,3.9285714285714284,9,8
FOODS_3_803,114.0,0.0,0.0,1.0,1.0,24.142857142857142,23.75,12,10
FOODS_3_804,114.0,30.0,23.0,0.7368421052631579,0.7982456140350878,15.928571428571429,19.035714285714285,11,11
FOODS_3_805,40.0,8.0,5.0,0.8,0.875,3.3214285714285716,4.928571428571429,13,11
FOODS_3_806,17.0,0.0,0.0,1.0,1.0,4.0,4.285714285714286,8,8
FOODS_3_807,82.0,0.0,0.0,1.0,1.0,48.17857142857143,43.0,4,5
FOODS_3_808,0.0,0.0,0.0,,,28.0,28.0,0,0
FOODS_3_809,60.0,0.0,0.0,1.0,1.0,22.785714285714285,22.857142857142858,7,8
FOODS_3_810,110.0,0.0,0.0,1.0,1.0,23.392857142857142,21.321428571428573,13,12
FOODS_3_811,302.0,0.0,0.0,1.0,1.0,91.5,74.96428571428571,12,10
FOODS_3_812,48.0,0.0,0.0,1.0,1.0,9.75,11.035714285714286,11,13
FOODS_3_813,75.0,0.0,0.0,1.0,1.0,12.214285714285714,13.214285714285714,14,12
FOODS_3_814,61.0,11.0,9.0,0.819672131147541,0.8524590163934426,7.821428571428571,8.25,13,11
FOODS_3_815,14.0,4.0,2.0,0.7142857142857143,0.8571428571428571,5.25,6.107142857142857,3,4
FOODS_3_816,51.0,0.0,0.0,1.0,1.0,16.821428571428573,27.142857142857142,7,7
FOODS_3_817,21.0,2.0,0.0,0.9047619047619048,1.0,3.1785714285714284,3.5714285714285716,12,12
FOODS_3_818,64.0,0.0,0.0,1.0,1.0,18.5,18.892857142857142,10,9
FOODS_3_819,56.0,0.0,0.0,1.0,1.0,7.285714285714286,9.535714285714286,12,13
FOODS_3_820,54.0,0.0,0.0,1.0,1.0,8.857142857142858,8.857142857142858,14,13
FOODS_3_821,51.0,0.0,0.0,1.0,1.0,9.821428571428571,9.714285714285714,12,12
FOODS_3_822,78.0,0.0,0.0,1.0,1.0,15.428571428571429,15.25,11,10
FOODS_3_823,43.0,1.0,1.0,0.9767441860465116,0.9767441860465116,5.714285714285714,6.607142857142857,14,14
FOODS_3_824,29.0,0.0,0.0,1.0,1.0,7.285714285714286,6.964285714285714,9,8
FOODS_3_825,32.0,0.0,0.0,1.0,1.0,7.107142857142857,7.392857142857143,10,10
FOODS_3_826,27.0,0.0,0.0,1.0,1.0,7.571428571428571,8.928571428571429,8,8
FOODS_3_827,134.0,0.0,0.0,1.0,1.0,38.57142857142857,35.57142857142857,13,11
